feat_a,feat_b,group_a,group_b,r
lag_182,lag_anchor_182,short_lag,short_lag,1.0
lag_7,lag_anchor_7,short_lag,short_lag,1.0
lag_21,lag_anchor_21,short_lag,short_lag,1.0
lag_28,lag_anchor_28,short_lag,short_lag,1.0
lag_56,lag_anchor_56,short_lag,short_lag,1.0
lag_91,lag_anchor_91,short_lag,short_lag,1.0
lag_365,lag_anchor_365,yearly_lookback,yearly_lookback,1.0
lag_14,lag_anchor_14,short_lag,short_lag,1.0
rolling_mean_28,ewma_28,recency_aggregate,recency_aggregate,0.9971411939608081
doy_sin,woy_sin,calendar,calendar,0.9968120189822799
doy_cos,woy_cos,calendar,calendar,0.996780860757915
month,day_of_year,calendar,calendar,0.996579075727305
ewma_14,ewma_28,recency_aggregate,recency_aggregate,0.9956081379418495
rolling_mean_3,ewma_3,recency_aggregate,recency_aggregate,0.9950559707204648
rolling_mean_14,ewma_14,recency_aggregate,recency_aggregate,0.9946867079656834
ewma_7,ewma_14,recency_aggregate,recency_aggregate,0.9944173031634416
rolling_mean_14,ewma_28,recency_aggregate,recency_aggregate,0.9941524004522792
rolling_mean_7,ewma_7,recency_aggregate,recency_aggregate,0.9927582843983451
rolling_mean_7,ewma_14,recency_aggregate,recency_aggregate,0.992031881336117
ewma_3,ewma_7,recency_aggregate,recency_aggregate,0.9889585009457021
rolling_mean_14,rolling_mean_28,recency_aggregate,recency_aggregate,0.9889208429342538
rolling_mean_28,ewma_14,recency_aggregate,recency_aggregate,0.9881739106245347
rolling_mean_3,rolling_max_3,recency_aggregate,recency_aggregate,0.9866783629333192
rolling_mean_3,ewma_7,recency_aggregate,recency_aggregate,0.9860218406020484
rolling_mean_3,rolling_min_3,recency_aggregate,recency_aggregate,0.9842165778691689
rolling_max_14,rolling_max_28,recency_aggregate,recency_aggregate,0.98407540583984
ewma_7,ewma_28,recency_aggregate,recency_aggregate,0.9820911487966757
rolling_mean_7,rolling_mean_14,recency_aggregate,recency_aggregate,0.981724151551514
rolling_min_3,ewma_3,recency_aggregate,recency_aggregate,0.9811031035335497
rolling_mean_14,ewma_7,recency_aggregate,recency_aggregate,0.9809168193896043
lag_2,ewma_3,short_lag,recency_aggregate,0.9807402341942467
rolling_max_3,ewma_3,recency_aggregate,recency_aggregate,0.9807381879815045
rolling_mean_7,ewma_28,recency_aggregate,recency_aggregate,0.9804481542783023
lag_3,ewma_3,short_lag,recency_aggregate,0.97891978362922
rolling_mean_7,rolling_max_7,recency_aggregate,recency_aggregate,0.9780279491482675
is_GoldenWeek,GoldenWeek_x_recent,holiday_flag,holiday_flag,0.9776048003485946
is_MidAutumn,MidAutumn_x_recent,holiday_flag,holiday_flag,0.9771639649429051
rolling_max_7,ewma_14,recency_aggregate,recency_aggregate,0.9756234582586943
day_of_year,week_of_year,calendar,calendar,0.9753388294447348
rolling_max_7,ewma_7,recency_aggregate,recency_aggregate,0.9752532975262587
rolling_mean_14,rolling_max_14,recency_aggregate,recency_aggregate,0.9746299648941718
day,week_of_month,calendar,calendar,0.9739133525837635
rolling_max_7,rolling_max_14,recency_aggregate,recency_aggregate,0.9738617997100105
lag_3,rolling_mean_3,short_lag,recency_aggregate,0.9737999509590781
month,week_of_year,calendar,calendar,0.9737728433204139
rolling_max_3,ewma_7,recency_aggregate,recency_aggregate,0.9736165208912185
rolling_max_14,ewma_14,recency_aggregate,recency_aggregate,0.9726793585430921
month,quarter,calendar,calendar,0.9719440695683789
ewma_3,ewma_14,recency_aggregate,recency_aggregate,0.9714011083044667
rolling_max_14,ewma_28,recency_aggregate,recency_aggregate,0.9712362135957778
rolling_mean_28,rolling_max_28,recency_aggregate,recency_aggregate,0.9708772377655357
rolling_min_3,ewma_7,recency_aggregate,recency_aggregate,0.970792688447423
rolling_max_28,ewma_28,recency_aggregate,recency_aggregate,0.9707054639191146
rolling_mean_28,ewma_7,recency_aggregate,recency_aggregate,0.9696804275495079
lag_4,rolling_mean_3,short_lag,recency_aggregate,0.9695304131302017
quarter,day_of_year,calendar,calendar,0.9688309972536139
is_Labour,Labour_x_recent,holiday_flag,holiday_flag,0.9687158387514082
rolling_mean_7,rolling_mean_28,recency_aggregate,recency_aggregate,0.9685120668550706
rolling_max_28,ewma_14,recency_aggregate,recency_aggregate,0.9685063792731046
month_sin,woy_sin,calendar,calendar,0.9683448380230665
rolling_mean_7,ewma_3,recency_aggregate,recency_aggregate,0.9681491506809725
month_cos,woy_cos,calendar,calendar,0.967853778862799
rolling_mean_14,rolling_max_28,recency_aggregate,recency_aggregate,0.967703830044473
lag_anchor_7,ewma_3,short_lag,recency_aggregate,0.9676713273254485
rolling_mean_3,ewma_14,recency_aggregate,recency_aggregate,0.966826007945799
rolling_max_7,ewma_28,recency_aggregate,recency_aggregate,0.9665529416292202
same_dow_mean_4w,same_dow_mean_8w,recency_aggregate,recency_aggregate,0.9664458773049579
rolling_max_7,rolling_mean_14,recency_aggregate,recency_aggregate,0.9663899388071128
rolling_max_14,rolling_mean_28,recency_aggregate,recency_aggregate,0.9663073408070532
lag_28,same_dow_mean_4w,short_lag,recency_aggregate,0.9653125150226137
lag_anchor_28,same_dow_mean_4w,short_lag,recency_aggregate,0.9653125150226137
lag_4,ewma_3,short_lag,recency_aggregate,0.9645602763239606
rolling_mean_3,rolling_mean_7,recency_aggregate,recency_aggregate,0.9643236698452244
rolling_mean_28,same_dow_mean_8w,recency_aggregate,recency_aggregate,0.9641821196422992
ewma_28,same_dow_mean_8w,recency_aggregate,recency_aggregate,0.9630276192937172
rolling_max_14,ewma_7,recency_aggregate,recency_aggregate,0.962025463872997
rolling_max_7,rolling_max_28,recency_aggregate,recency_aggregate,0.9616834947293404
lag_2,rolling_mean_3,short_lag,recency_aggregate,0.9606558889945159
rolling_mean_7,rolling_max_14,recency_aggregate,recency_aggregate,0.960538084688318
lag_3,rolling_min_3,short_lag,recency_aggregate,0.9587262625730544
lag_3,rolling_max_3,short_lag,recency_aggregate,0.9577424101801598
rolling_max_3,ewma_14,recency_aggregate,recency_aggregate,0.9570734192705825
lag_3,ewma_7,short_lag,recency_aggregate,0.9567037702880384
rolling_max_7,rolling_mean_28,recency_aggregate,recency_aggregate,0.9564187362353647
lag_4,rolling_max_3,short_lag,recency_aggregate,0.956155589698403
rolling_max_28,ewma_7,recency_aggregate,recency_aggregate,0.9556912313517025
lag_4,ewma_7,short_lag,recency_aggregate,0.9555072852044704
month_sin,doy_sin,calendar,calendar,0.9546880412330278
rolling_max_7,ewma_3,recency_aggregate,recency_aggregate,0.9544750424078852
month_cos,doy_cos,calendar,calendar,0.9539770189803318
ewma_3,ewma_28,recency_aggregate,recency_aggregate,0.9539717413821736
lag_4,rolling_min_3,short_lag,recency_aggregate,0.9537912400259224
rolling_mean_7,rolling_max_28,recency_aggregate,recency_aggregate,0.9535109772817316
rolling_mean_7,rolling_min_7,recency_aggregate,recency_aggregate,0.9532610653395622
lag_anchor_7,rolling_mean_3,short_lag,recency_aggregate,0.9522831572750262
lag_5,rolling_mean_3,short_lag,recency_aggregate,0.9517789763144461
lag_21,same_dow_mean_4w,short_lag,recency_aggregate,0.9515615105570743
rolling_min_3,rolling_mean_7,recency_aggregate,recency_aggregate,0.9515459854670111
rolling_max_3,rolling_max_7,recency_aggregate,recency_aggregate,0.9506575774635607
rolling_max_3,rolling_mean_7,recency_aggregate,recency_aggregate,0.9505926777896014
lag_5,ewma_7,short_lag,recency_aggregate,0.9501913007926974
lag_2,ewma_7,short_lag,recency_aggregate,0.9500164927786018
quarter,week_of_year,calendar,calendar,0.949648952591496
rolling_min_3,ewma_14,recency_aggregate,recency_aggregate,0.9496304815795626
lag_2,rolling_min_3,short_lag,recency_aggregate,0.9495433148020886
rolling_mean_14,same_dow_mean_8w,recency_aggregate,recency_aggregate,0.9494683910322477
ewma_14,same_dow_mean_8w,recency_aggregate,recency_aggregate,0.9494494545899553
rolling_mean_3,rolling_max_7,recency_aggregate,recency_aggregate,0.9488571594313345
ewma_14,same_dow_mean_4w,recency_aggregate,recency_aggregate,0.9487208463038418
rolling_mean_14,ewma_3,recency_aggregate,recency_aggregate,0.9487160877488455
lag_anchor_7,ewma_7,short_lag,recency_aggregate,0.9487111651420049
ewma_28,same_dow_mean_4w,recency_aggregate,recency_aggregate,0.9487032793769453
rolling_mean_3,ewma_28,recency_aggregate,recency_aggregate,0.9479243554938158
rolling_mean_14,same_dow_mean_4w,recency_aggregate,recency_aggregate,0.9477661750240854
lag_14,same_dow_mean_4w,short_lag,recency_aggregate,0.9470192221552224
year,regime,calendar,regime,0.9469603710374297
rolling_max_3,rolling_min_3,recency_aggregate,recency_aggregate,0.9468506017038348
lag_5,ewma_3,short_lag,recency_aggregate,0.9468290571204274
lag_2,rolling_max_3,short_lag,recency_aggregate,0.9456754028440311
lag_8,lag_anchor_7,short_lag,short_lag,0.9451117345186246
rolling_mean_28,same_dow_mean_4w,recency_aggregate,recency_aggregate,0.9447777882376349
lag_6,ewma_7,short_lag,recency_aggregate,0.943059668756663
rolling_min_7,ewma_7,recency_aggregate,recency_aggregate,0.9426255416277515
rolling_mean_3,rolling_mean_14,recency_aggregate,recency_aggregate,0.9420720299991074
lag_anchor_7,rolling_min_3,short_lag,recency_aggregate,0.941233931895664
lag_42,same_dow_mean_8w,short_lag,recency_aggregate,0.9411937036736048
rolling_max_3,ewma_28,recency_aggregate,recency_aggregate,0.9406435789612225
lag_7,same_dow_mean_4w,short_lag,recency_aggregate,0.9402802534622705
lag_35,same_dow_mean_8w,short_lag,recency_aggregate,0.9402177034658177
lag_6,rolling_mean_7,short_lag,recency_aggregate,0.9398986471634014
lag_7,rolling_mean_7,short_lag,recency_aggregate,0.9394830454500308
lag_5,rolling_max_3,short_lag,recency_aggregate,0.9393081641468347
rolling_mean_7,same_dow_mean_4w,recency_aggregate,recency_aggregate,0.9388628867626176
rolling_mean_28,ewma_3,recency_aggregate,recency_aggregate,0.9387585469223984
rolling_min_7,ewma_14,recency_aggregate,recency_aggregate,0.9386990171460449
lag_anchor_7,rolling_max_3,short_lag,recency_aggregate,0.9380800276851897
lag_5,rolling_mean_7,short_lag,recency_aggregate,0.9379337793220591
ewma_7,same_dow_mean_4w,recency_aggregate,recency_aggregate,0.9375803414525539
lag_5,rolling_min_3,short_lag,recency_aggregate,0.9369568817134045
lag_8,rolling_mean_7,short_lag,recency_aggregate,0.9367953705309897
lag_28,same_dow_mean_8w,short_lag,recency_aggregate,0.9364071342079797
lag_9,lag_10,short_lag,short_lag,0.9362614513121787
lag_4,ewma_14,short_lag,recency_aggregate,0.9362236735096496
lag_8,lag_9,short_lag,short_lag,0.9360933213336132
lag_7,lag_8,short_lag,short_lag,0.9359515262052652
lag_5,ewma_14,short_lag,recency_aggregate,0.9357712593270882
lag_6,lag_7,short_lag,short_lag,0.9357586608930945
lag_6,lag_anchor_7,short_lag,short_lag,0.9357586608930945
lag_7,ewma_7,short_lag,recency_aggregate,0.9356352710380277
lag_5,lag_6,short_lag,short_lag,0.9355068745735977
rolling_max_14,ewma_3,recency_aggregate,recency_aggregate,0.935342813566002
lag_4,lag_5,short_lag,short_lag,0.9353169427720829
lag_3,lag_4,short_lag,short_lag,0.9351458206307901
lag_56,same_dow_mean_8w,short_lag,recency_aggregate,0.9351192195854632
lag_anchor_56,same_dow_mean_8w,short_lag,recency_aggregate,0.9351192195854632
lag_2,lag_3,short_lag,short_lag,0.9349663481102927
is_CNY,CNY_x_recent,holiday_flag,holiday_flag,0.9344012665103609
lag_anchor_28,same_dow_mean_8w,short_lag,recency_aggregate,0.9342528244349391
lag_3,ewma_14,short_lag,recency_aggregate,0.9340840381304714
lag_6,ewma_14,short_lag,recency_aggregate,0.9338691960952533
lag_4,rolling_mean_7,short_lag,recency_aggregate,0.9337188186939999
lag_anchor_7,lag_anchor_14,short_lag,short_lag,0.9335794921524101
rolling_max_3,rolling_mean_14,recency_aggregate,recency_aggregate,0.9335644912840936
lag_anchor_14,ewma_3,short_lag,recency_aggregate,0.932535455149181
lag_9,rolling_mean_7,short_lag,recency_aggregate,0.9318430663751566
lag_6,rolling_mean_3,short_lag,recency_aggregate,0.9316476138589881
rolling_mean_3,rolling_mean_28,recency_aggregate,recency_aggregate,0.9316148601274656
lag_7,ewma_14,short_lag,recency_aggregate,0.9312761006548238
rolling_max_28,same_dow_mean_8w,recency_aggregate,recency_aggregate,0.9311426755237042
lag_anchor_7,ewma_14,short_lag,recency_aggregate,0.9309841113019712
lag_anchor_14,ewma_7,short_lag,recency_aggregate,0.9308726055561392
lag_21,same_dow_mean_8w,short_lag,recency_aggregate,0.9306871143136837
ewma_7,same_dow_mean_8w,recency_aggregate,recency_aggregate,0.9301926312005173
rolling_max_3,rolling_max_14,recency_aggregate,recency_aggregate,0.9301408504952281
lag_8,ewma_7,short_lag,recency_aggregate,0.9297985432781414
lag_6,ewma_3,short_lag,recency_aggregate,0.929756950282369
rolling_max_28,ewma_3,recency_aggregate,recency_aggregate,0.9295657337986154
rolling_min_3,rolling_min_7,recency_aggregate,recency_aggregate,0.9291659266691198
lag_8,ewma_14,short_lag,recency_aggregate,0.929128259408756
rolling_min_3,ewma_28,recency_aggregate,recency_aggregate,0.9286633148132141
rolling_mean_7,same_dow_mean_8w,recency_aggregate,recency_aggregate,0.9285890782177209
lag_anchor_21,same_dow_mean_4w,short_lag,recency_aggregate,0.9285332626457108
rolling_mean_3,rolling_max_14,recency_aggregate,recency_aggregate,0.9285090231438009
rolling_min_7,rolling_mean_14,recency_aggregate,recency_aggregate,0.928205572548565
lag_2,ewma_14,short_lag,recency_aggregate,0.9276778431628326
lag_9,ewma_14,short_lag,recency_aggregate,0.9276157045297572
rolling_max_14,same_dow_mean_8w,recency_aggregate,recency_aggregate,0.9273651145233519
lag_3,rolling_mean_7,short_lag,recency_aggregate,0.9271033412049259
lag_10,ewma_14,short_lag,recency_aggregate,0.9261550916959197
lag_10,rolling_mean_7,short_lag,recency_aggregate,0.9260775891317724
lag_9,ewma_7,short_lag,recency_aggregate,0.9258027041588115
rolling_max_14,same_dow_mean_4w,recency_aggregate,recency_aggregate,0.9257484838111902
lag_anchor_7,rolling_mean_7,short_lag,recency_aggregate,0.9253579691943146
lag_14,same_dow_mean_8w,short_lag,recency_aggregate,0.9251948360337374
rolling_max_3,rolling_mean_28,recency_aggregate,recency_aggregate,0.925181768992358
lag_anchor_14,ewma_14,short_lag,recency_aggregate,0.9249324088692933
rolling_min_3,rolling_mean_14,recency_aggregate,recency_aggregate,0.9244503400013665
rolling_max_7,same_dow_mean_4w,recency_aggregate,recency_aggregate,0.9238117267407997
rolling_max_28,same_dow_mean_4w,recency_aggregate,recency_aggregate,0.9234073937415886
rolling_max_3,rolling_max_28,recency_aggregate,recency_aggregate,0.9229767348575117
rolling_mean_3,rolling_max_28,recency_aggregate,recency_aggregate,0.9224847786673821
lag_10,ewma_7,short_lag,recency_aggregate,0.9222220851400985
rolling_min_7,ewma_28,recency_aggregate,recency_aggregate,0.9220331172674409
lag_14,rolling_mean_14,short_lag,recency_aggregate,0.921358709587164
rolling_min_3,rolling_max_7,recency_aggregate,recency_aggregate,0.9213306908433181
lag_10,rolling_mean_14,short_lag,recency_aggregate,0.9208964826921553
lag_9,rolling_mean_14,short_lag,recency_aggregate,0.9201441212681704
lag_7,same_dow_mean_8w,short_lag,recency_aggregate,0.9198235417758035
lag_anchor_14,rolling_mean_3,short_lag,recency_aggregate,0.9197289438491022
rolling_min_7,ewma_3,recency_aggregate,recency_aggregate,0.9193998097036333
lag_8,rolling_mean_14,short_lag,recency_aggregate,0.9192084027220822
lag_5,rolling_max_7,short_lag,recency_aggregate,0.91908438667833
lag_6,rolling_max_7,short_lag,recency_aggregate,0.9189793343621732
lag_6,rolling_min_3,short_lag,recency_aggregate,0.9185046672167515
lag_6,ewma_28,short_lag,recency_aggregate,0.9184035917391467
lag_6,rolling_max_3,short_lag,recency_aggregate,0.918381518869433
lag_5,ewma_28,short_lag,recency_aggregate,0.9182280596396152
lag_4,rolling_max_7,short_lag,recency_aggregate,0.9181197805777541
lag_7,ewma_28,short_lag,recency_aggregate,0.9180929504139782
lag_2,rolling_mean_7,short_lag,recency_aggregate,0.9180542039833575
lag_9,ewma_28,short_lag,recency_aggregate,0.9179460106054124
lag_8,ewma_28,short_lag,recency_aggregate,0.9179307500692412
lag_10,ewma_28,short_lag,recency_aggregate,0.9179175876410847
lag_7,rolling_mean_14,short_lag,recency_aggregate,0.9179131849475481
rolling_max_7,same_dow_mean_8w,recency_aggregate,recency_aggregate,0.9178820439560408
lag_7,rolling_max_7,short_lag,recency_aggregate,0.9178617518811638
lag_14,ewma_14,short_lag,recency_aggregate,0.9172479114094891
lag_4,ewma_28,short_lag,recency_aggregate,0.9172231362062222
rolling_min_7,rolling_min_14,recency_aggregate,recency_aggregate,0.9170542280193679
lag_6,rolling_mean_14,short_lag,recency_aggregate,0.9163135276866281
lag_anchor_7,rolling_max_7,short_lag,recency_aggregate,0.9160154883621257
lag_3,rolling_max_7,short_lag,recency_aggregate,0.9156627107508448
lag_8,rolling_max_7,short_lag,recency_aggregate,0.9156516257124229
lag_anchor_21,ewma_14,short_lag,recency_aggregate,0.9156328178413065
lag_14,ewma_28,short_lag,recency_aggregate,0.9154892707839961
lag_7,ewma_3,short_lag,recency_aggregate,0.9153805983066642
lag_anchor_14,ewma_28,short_lag,recency_aggregate,0.9152173618105732
lag_anchor_7,ewma_28,short_lag,recency_aggregate,0.9150888645373876
lag_anchor_14,rolling_mean_7,short_lag,recency_aggregate,0.9150348038984005
lag_3,ewma_28,short_lag,recency_aggregate,0.9148187263637902
lag_7,rolling_mean_3,short_lag,recency_aggregate,0.9144224367667808
rolling_mean_3,rolling_min_7,recency_aggregate,recency_aggregate,0.9143767793212997
lag_anchor_14,rolling_mean_14,short_lag,recency_aggregate,0.9142081060525903
lag_5,rolling_mean_14,short_lag,recency_aggregate,0.9141432955091812
lag_anchor_21,ewma_28,short_lag,recency_aggregate,0.9138147300383365
lag_28,rolling_mean_28,short_lag,recency_aggregate,0.913445118760733
lag_anchor_21,same_dow_mean_8w,short_lag,recency_aggregate,0.913301879794143
lag_anchor_28,rolling_mean_28,short_lag,recency_aggregate,0.9130709097713016
lag_21,ewma_28,short_lag,recency_aggregate,0.9130149059701218
mainland_is_workday,mainland_block_pos_norm,mainland_block,mainland_block,-0.9128434980396666
lag_9,rolling_max_7,short_lag,recency_aggregate,0.911853208759621
rolling_min_3,rolling_mean_28,recency_aggregate,recency_aggregate,0.911840116752884
lag_21,rolling_mean_28,short_lag,recency_aggregate,0.9117409394261425
lag_2,rolling_max_7,short_lag,recency_aggregate,0.9115442579260638
lag_4,rolling_mean_14,short_lag,recency_aggregate,0.911364076513587
lag_anchor_28,ewma_28,short_lag,recency_aggregate,0.9111627909332034
lag_28,ewma_28,short_lag,recency_aggregate,0.9109579785244896
lag_anchor_21,ewma_7,short_lag,recency_aggregate,0.9108874940194329
lag_21,rolling_mean_14,short_lag,recency_aggregate,0.9105250625988658
lag_2,ewma_28,short_lag,recency_aggregate,0.9102361401812367
lag_anchor_21,rolling_mean_14,short_lag,recency_aggregate,0.9100790925997764
lag_35,rolling_mean_28,short_lag,recency_aggregate,0.9099607882895265
lag_14,rolling_mean_28,short_lag,recency_aggregate,0.9096579182342307
lag_anchor_7,rolling_mean_14,short_lag,recency_aggregate,0.9096369858692467
ewma_3,same_dow_mean_4w,recency_aggregate,recency_aggregate,0.9092203571435817
lag_anchor_21,rolling_mean_28,short_lag,recency_aggregate,0.9089567887442883
lag_21,ewma_14,short_lag,recency_aggregate,0.9089322155022233
lag_anchor_14,rolling_max_3,short_lag,recency_aggregate,0.9084107840549244
rolling_min_7,rolling_mean_28,recency_aggregate,recency_aggregate,0.9082235529125114
lag_10,rolling_mean_28,short_lag,recency_aggregate,0.907828564737497
lag_3,rolling_mean_14,short_lag,recency_aggregate,0.9077440267646129
lag_10,rolling_max_7,short_lag,recency_aggregate,0.9072591267514015
lag_9,rolling_mean_28,short_lag,recency_aggregate,0.90714598973511
lag_14,rolling_mean_7,short_lag,recency_aggregate,0.9065272128929648
lag_8,rolling_mean_28,short_lag,recency_aggregate,0.9063539983397708
lag_anchor_14,rolling_min_3,short_lag,recency_aggregate,0.9063362463689588
lag_8,ewma_3,short_lag,recency_aggregate,0.9060463326105961
lag_7,rolling_mean_28,short_lag,recency_aggregate,0.9052979867580982
lag_14,ewma_7,short_lag,recency_aggregate,0.9052926444318741
lag_anchor_14,same_dow_mean_4w,short_lag,recency_aggregate,0.9050927360436074
lag_anchor_14,rolling_mean_28,short_lag,recency_aggregate,0.9050579218246615
lag_35,ewma_28,short_lag,recency_aggregate,0.9050182862312766
lag_anchor_14,rolling_max_7,short_lag,recency_aggregate,0.9048390707901812
lag_6,same_dow_mean_4w,short_lag,recency_aggregate,0.9041844290088814
lag_anchor_28,ewma_14,short_lag,recency_aggregate,0.9041359010328021
lag_6,rolling_mean_28,short_lag,recency_aggregate,0.9041077196251984
lag_anchor_28,rolling_mean_14,short_lag,recency_aggregate,0.9038864359905274
rolling_mean_3,same_dow_mean_4w,recency_aggregate,recency_aggregate,0.9037987770060018
lag_28,rolling_mean_14,short_lag,recency_aggregate,0.9036590652755856
lag_2,rolling_mean_14,short_lag,recency_aggregate,0.9030747224392313
lag_28,ewma_14,short_lag,recency_aggregate,0.9030611027956598
lag_5,rolling_mean_28,short_lag,recency_aggregate,0.9025764928899803
lag_8,rolling_mean_3,short_lag,recency_aggregate,0.9023652178422269
lag_7,rolling_min_3,short_lag,recency_aggregate,0.9023062550019804
lag_42,rolling_mean_28,short_lag,recency_aggregate,0.9022948962264834
lag_anchor_21,rolling_mean_7,short_lag,recency_aggregate,0.9014330060954777
lag_anchor_7,rolling_mean_28,short_lag,recency_aggregate,0.9013444016103451
lag_9,ewma_3,short_lag,recency_aggregate,0.900988733889169
lag_anchor_365,same_holiday_lastyear_lag,yearly_lookback,holiday_yoy,0.9008352893227192
lag_365,same_holiday_lastyear_lag,yearly_lookback,holiday_yoy,0.9008352893227192
lag_4,rolling_mean_28,short_lag,recency_aggregate,0.900705785799544
ewma_3,same_dow_mean_8w,recency_aggregate,recency_aggregate,0.9006338056521035
lag_7,rolling_max_3,short_lag,recency_aggregate,0.9006075923234583
rolling_min_3,rolling_max_14,recency_aggregate,recency_aggregate,0.9002353330964147
