,normal_midweek,normal_saturday,cny_dm3,cny_dp1,goldenweek,jan2026_a,jan2026_b,__group__
dow,2.0,5.0,5.0,2.0,3.0,0.0,3.0,calendar
day,19.0,22.0,14.0,18.0,2.0,26.0,29.0,calendar
week_of_month,3.0,4.0,2.0,3.0,1.0,4.0,5.0,calendar
month,11.0,11.0,2.0,2.0,10.0,1.0,1.0,calendar
quarter,4.0,4.0,1.0,1.0,4.0,1.0,1.0,calendar
year,2025.0,2025.0,2026.0,2026.0,2025.0,2026.0,2026.0,calendar
day_of_year,323.0,326.0,45.0,49.0,275.0,26.0,29.0,calendar
is_weekend,0.0,1.0,1.0,0.0,0.0,0.0,0.0,calendar
is_friday,0.0,0.0,0.0,0.0,0.0,0.0,0.0,calendar
is_saturday,0.0,1.0,1.0,0.0,0.0,0.0,0.0,calendar
is_sunday,0.0,0.0,0.0,0.0,0.0,0.0,0.0,calendar
is_month_start,0.0,0.0,0.0,0.0,1.0,0.0,0.0,calendar
is_month_end,0.0,0.0,0.0,0.0,0.0,0.0,1.0,calendar
dow_sin,0.9749279121818236,-0.9749279121818236,-0.9749279121818236,0.9749279121818236,0.43388373911755823,0.0,0.43388373911755823,calendar
dow_cos,-0.22252093395631434,-0.2225209339563146,-0.2225209339563146,-0.22252093395631434,-0.900968867902419,1.0,-0.900968867902419,calendar
month_sin,-0.5000000000000004,-0.5000000000000004,0.8660254037844386,0.8660254037844386,-0.8660254037844386,0.49999999999999994,0.49999999999999994,calendar
month_cos,0.8660254037844384,0.8660254037844384,0.5000000000000001,0.5000000000000001,0.5000000000000001,0.8660254037844387,0.8660254037844387,calendar
doy_sin,-0.661634618242279,-0.622046748440868,0.699458327051647,0.7469720876965552,-0.9997685019798909,0.4327755925504312,0.47873384011578846,calendar
doy_cos,0.749826401204568,0.7829801036770624,0.7146733860429609,0.6648553979642865,0.021516097436222233,0.901501684131884,0.8779600847008882,calendar
is_CNY,0.0,0.0,1.0,1.0,0.0,0.0,0.0,holiday_flag
is_MidAutumn,0.0,0.0,0.0,0.0,0.0,0.0,0.0,holiday_flag
is_DragonBoat,0.0,0.0,0.0,0.0,0.0,0.0,0.0,holiday_flag
is_ChingMing,0.0,0.0,0.0,0.0,0.0,0.0,0.0,holiday_flag
is_Easter,0.0,0.0,0.0,0.0,0.0,0.0,0.0,holiday_flag
is_GoldenWeek,0.0,0.0,0.0,0.0,1.0,0.0,0.0,holiday_flag
is_Labour,0.0,0.0,0.0,0.0,0.0,0.0,0.0,holiday_flag
is_NewYear,0.0,0.0,0.0,0.0,0.0,0.0,0.0,holiday_flag
is_Christmas,0.0,0.0,0.0,0.0,0.0,0.0,0.0,holiday_flag
CNY_dm7,0.0,0.0,0.0,0.0,0.0,0.0,0.0,holiday_flag
CNY_dm6,0.0,0.0,0.0,0.0,0.0,0.0,0.0,holiday_flag
CNY_dm5,0.0,0.0,0.0,0.0,0.0,0.0,0.0,holiday_flag
CNY_dm4,0.0,0.0,0.0,0.0,0.0,0.0,0.0,holiday_flag
CNY_dm3,0.0,0.0,1.0,0.0,0.0,0.0,0.0,holiday_flag
CNY_dm2,0.0,0.0,0.0,0.0,0.0,0.0,0.0,holiday_flag
CNY_dm1,0.0,0.0,0.0,0.0,0.0,0.0,0.0,holiday_flag
CNY_dp0,0.0,0.0,0.0,0.0,0.0,0.0,0.0,holiday_flag
CNY_dp1,0.0,0.0,0.0,1.0,0.0,0.0,0.0,holiday_flag
CNY_dp2,0.0,0.0,0.0,0.0,0.0,0.0,0.0,holiday_flag
CNY_dp3,0.0,0.0,0.0,0.0,0.0,0.0,0.0,holiday_flag
CNY_dp4,0.0,0.0,0.0,0.0,0.0,0.0,0.0,holiday_flag
CNY_dp5,0.0,0.0,0.0,0.0,0.0,0.0,0.0,holiday_flag
CNY_dp6,0.0,0.0,0.0,0.0,0.0,0.0,0.0,holiday_flag
CNY_dp7,0.0,0.0,0.0,0.0,0.0,0.0,0.0,holiday_flag
CNY_dp8,0.0,0.0,0.0,0.0,0.0,0.0,0.0,holiday_flag
CNY_dp9,0.0,0.0,0.0,0.0,0.0,0.0,0.0,holiday_flag
CNY_dp10,0.0,0.0,0.0,0.0,0.0,0.0,0.0,holiday_flag
GoldenWeek_dp0,0.0,0.0,0.0,0.0,0.0,0.0,0.0,holiday_flag
GoldenWeek_dp1,0.0,0.0,0.0,0.0,1.0,0.0,0.0,holiday_flag
GoldenWeek_dp2,0.0,0.0,0.0,0.0,0.0,0.0,0.0,holiday_flag
GoldenWeek_dp3,0.0,0.0,0.0,0.0,0.0,0.0,0.0,holiday_flag
GoldenWeek_dp4,0.0,0.0,0.0,0.0,0.0,0.0,0.0,holiday_flag
GoldenWeek_dp5,0.0,0.0,0.0,0.0,0.0,0.0,0.0,holiday_flag
GoldenWeek_dp6,0.0,0.0,0.0,0.0,0.0,0.0,0.0,holiday_flag
Labour_dp0,0.0,0.0,0.0,0.0,0.0,0.0,0.0,holiday_flag
Labour_dp1,0.0,0.0,0.0,0.0,0.0,0.0,0.0,holiday_flag
Labour_dp2,0.0,0.0,0.0,0.0,0.0,0.0,0.0,holiday_flag
Labour_dp3,0.0,0.0,0.0,0.0,0.0,0.0,0.0,holiday_flag
Labour_dp4,0.0,0.0,0.0,0.0,0.0,0.0,0.0,holiday_flag
DragonBoat_dm2,0.0,0.0,0.0,0.0,0.0,0.0,0.0,holiday_flag
DragonBoat_dm1,0.0,0.0,0.0,0.0,0.0,0.0,0.0,holiday_flag
DragonBoat_dp0,0.0,0.0,0.0,0.0,0.0,0.0,0.0,holiday_flag
DragonBoat_dp1,0.0,0.0,0.0,0.0,0.0,0.0,0.0,holiday_flag
days_to_next_holiday,36.0,33.0,3.0,45.0,4.0,22.0,19.0,holiday_flag
days_from_last_holiday,44.0,47.0,44.0,1.0,1.0,25.0,28.0,holiday_flag
CNY_dow0,0.0,0.0,0.0,0.0,0.0,0.0,0.0,holiday_flag
CNY_dow1,0.0,0.0,0.0,0.0,0.0,0.0,0.0,holiday_flag
CNY_dow2,0.0,0.0,0.0,1.0,0.0,0.0,0.0,holiday_flag
CNY_dow3,0.0,0.0,0.0,0.0,0.0,0.0,0.0,holiday_flag
CNY_dow4,0.0,0.0,0.0,0.0,0.0,0.0,0.0,holiday_flag
CNY_dow5,0.0,0.0,1.0,0.0,0.0,0.0,0.0,holiday_flag
CNY_dow6,0.0,0.0,0.0,0.0,0.0,0.0,0.0,holiday_flag
GoldenWeek_dow0,0.0,0.0,0.0,0.0,0.0,0.0,0.0,holiday_flag
GoldenWeek_dow1,0.0,0.0,0.0,0.0,0.0,0.0,0.0,holiday_flag
GoldenWeek_dow2,0.0,0.0,0.0,0.0,0.0,0.0,0.0,holiday_flag
GoldenWeek_dow3,0.0,0.0,0.0,0.0,1.0,0.0,0.0,holiday_flag
GoldenWeek_dow4,0.0,0.0,0.0,0.0,0.0,0.0,0.0,holiday_flag
GoldenWeek_dow5,0.0,0.0,0.0,0.0,0.0,0.0,0.0,holiday_flag
GoldenWeek_dow6,0.0,0.0,0.0,0.0,0.0,0.0,0.0,holiday_flag
Labour_dow0,0.0,0.0,0.0,0.0,0.0,0.0,0.0,holiday_flag
Labour_dow1,0.0,0.0,0.0,0.0,0.0,0.0,0.0,holiday_flag
Labour_dow2,0.0,0.0,0.0,0.0,0.0,0.0,0.0,holiday_flag
Labour_dow3,0.0,0.0,0.0,0.0,0.0,0.0,0.0,holiday_flag
Labour_dow4,0.0,0.0,0.0,0.0,0.0,0.0,0.0,holiday_flag
Labour_dow5,0.0,0.0,0.0,0.0,0.0,0.0,0.0,holiday_flag
Labour_dow6,0.0,0.0,0.0,0.0,0.0,0.0,0.0,holiday_flag
MidAutumn_dow0,0.0,0.0,0.0,0.0,0.0,0.0,0.0,holiday_flag
MidAutumn_dow1,0.0,0.0,0.0,0.0,0.0,0.0,0.0,holiday_flag
MidAutumn_dow2,0.0,0.0,0.0,0.0,0.0,0.0,0.0,holiday_flag
MidAutumn_dow3,0.0,0.0,0.0,0.0,0.0,0.0,0.0,holiday_flag
MidAutumn_dow4,0.0,0.0,0.0,0.0,0.0,0.0,0.0,holiday_flag
MidAutumn_dow5,0.0,0.0,0.0,0.0,0.0,0.0,0.0,holiday_flag
MidAutumn_dow6,0.0,0.0,0.0,0.0,0.0,0.0,0.0,holiday_flag
holiday_dow0,0.0,0.0,0.0,0.0,0.0,0.0,0.0,holiday_flag
holiday_dow1,0.0,0.0,0.0,0.0,0.0,0.0,0.0,holiday_flag
holiday_dow2,0.0,0.0,0.0,1.0,0.0,0.0,0.0,holiday_flag
holiday_dow3,0.0,0.0,0.0,0.0,1.0,0.0,0.0,holiday_flag
holiday_dow4,0.0,0.0,0.0,0.0,0.0,0.0,0.0,holiday_flag
holiday_dow5,0.0,0.0,1.0,0.0,0.0,0.0,0.0,holiday_flag
holiday_dow6,0.0,0.0,0.0,0.0,0.0,0.0,0.0,holiday_flag
mainland_block_length,0.0,2.0,0.0,9.0,8.0,0.0,0.0,mainland_block
mainland_block_day_index,0.0,1.0,0.0,4.0,2.0,0.0,0.0,mainland_block
mainland_is_first_block_day,0.0,1.0,0.0,0.0,0.0,0.0,0.0,mainland_block
mainland_is_last_block_day,0.0,0.0,0.0,0.0,0.0,0.0,0.0,mainland_block
mainland_is_workday,1.0,0.0,1.0,0.0,0.0,1.0,1.0,mainland_block
mainland_block_pos_norm,0.0,0.5,0.0,0.4444444444444444,0.25,0.0,0.0,mainland_block
lag_2,,,,,,,,short_lag
lag_3,,,,,,,,short_lag
lag_4,,,,,,,,short_lag
lag_5,,,,,,,,short_lag
lag_6,,,,,,,,short_lag
lag_7,,,,,,,,short_lag
lag_8,6542.0,6987.0,7672.0,6202.0,879.0,7561.0,7520.0,short_lag
lag_9,6327.0,6881.0,7140.0,6335.0,1295.0,7859.0,7234.0,short_lag
lag_10,7098.0,6917.0,7017.0,7270.0,6292.0,7527.0,6881.0,short_lag
lag_14,6712.0,7605.0,8150.0,7017.0,7349.0,7155.0,7300.0,short_lag
lag_21,6900.0,7676.0,7915.0,7444.0,6968.0,6956.0,7573.0,short_lag
lag_28,7095.0,7740.0,7859.0,7520.0,6381.0,6611.0,8575.0,short_lag
lag_35,7258.0,8454.0,8129.0,7456.0,6880.0,7093.0,7698.0,short_lag
lag_42,6012.0,7427.0,7427.0,7838.0,7049.0,6645.0,7367.0,short_lag
lag_56,879.0,7721.0,7812.0,7797.0,7287.0,6588.0,6780.0,short_lag
lag_91,7170.0,7919.0,7561.0,7422.0,6522.0,6818.0,7076.0,short_lag
lag_182,6789.0,7557.0,8141.0,7170.0,6169.0,7079.0,6907.0,short_lag
lag_365,6778.0,7363.0,6622.0,6924.0,8012.0,4576.0,5335.0,yearly_lookback
lag_728,5559.0,6234.0,5718.0,6045.0,5765.0,5125.0,4570.0,yearly_lookback
lag_anchor_7,6542.0,6987.0,7672.0,6202.0,879.0,7561.0,7520.0,short_lag
lag_anchor_14,6712.0,7605.0,8150.0,7017.0,7349.0,7155.0,7300.0,short_lag
lag_anchor_21,6900.0,7676.0,7915.0,7444.0,6968.0,6956.0,7573.0,short_lag
lag_anchor_28,7095.0,7740.0,7859.0,7520.0,6381.0,6611.0,8575.0,short_lag
lag_anchor_56,879.0,7721.0,7812.0,7797.0,7287.0,6588.0,6780.0,short_lag
lag_anchor_91,7170.0,7919.0,7561.0,7422.0,6522.0,6818.0,7076.0,short_lag
lag_anchor_182,6789.0,7557.0,8141.0,7170.0,6169.0,7079.0,6907.0,short_lag
lag_anchor_365,6778.0,7363.0,6622.0,6924.0,8012.0,4576.0,5335.0,yearly_lookback
rolling_mean_3,6655.666666666667,6928.333333333333,7276.333333333333,6602.333333333333,2822.0,7649.0,7211.666666666667,recency_aggregate
rolling_std_3,324.85928577702003,44.010099850930686,284.2491082757439,475.2236900192956,2459.530985099937,149.139755486814,261.3482138620597,recency_aggregate
rolling_max_3,7098.0,6987.0,7672.0,7270.0,6292.0,7859.0,7520.0,recency_aggregate
rolling_min_3,6327.0,6881.0,7017.0,6202.0,879.0,7527.0,6881.0,recency_aggregate
rolling_mean_7,6877.0,6908.142857142857,7318.571428571428,7085.428571428572,5502.285714285715,7460.285714285715,7411.714285714285,recency_aggregate
rolling_std_7,389.4171468819963,378.05457979784137,463.90265516527035,597.3464792953339,2838.397420793527,207.62171252112358,286.128699457187,recency_aggregate
rolling_max_7,7605.0,7605.0,8150.0,7962.0,8087.0,7859.0,7859.0,recency_aggregate
rolling_min_7,6327.0,6327.0,6784.0,6202.0,879.0,7155.0,6881.0,recency_aggregate
rolling_mean_14,6893.071428571428,6866.285714285715,7358.428571428572,7225.428571428572,6250.071428571428,7526.214285714285,7482.714285714285,recency_aggregate
rolling_std_14,410.5027343367631,400.04650239894943,385.0962243917958,537.573877220041,2157.2335281322603,285.0190917343279,290.8579497603177,recency_aggregate
rolling_max_14,7676.0,7676.0,8150.0,8150.0,8087.0,8129.0,8129.0,recency_aggregate
rolling_min_14,6228.0,6228.0,6784.0,6202.0,879.0,6956.0,6881.0,recency_aggregate
rolling_mean_28,7090.392857142857,7019.678571428572,7424.571428571428,7336.714285714285,6464.678571428572,7474.785714285715,7445.857142857143,recency_aggregate
rolling_std_28,485.34614593870117,447.4934998387789,351.6441412007547,448.95568164534086,1577.1474940893272,420.0990833076387,425.7214644648804,recency_aggregate
rolling_max_28,8454.0,8454.0,8150.0,8150.0,8087.0,8575.0,8575.0,recency_aggregate
rolling_min_28,6228.0,6228.0,6784.0,6202.0,879.0,6611.0,6611.0,recency_aggregate
ewma_3,6645.502935420744,6909.6360078277885,7376.818003913894,6549.964774951076,2466.375733855186,7606.682974559687,7379.342465753424,recency_aggregate
ewma_7,6790.82332252674,6874.436888953687,7300.599644980393,6909.42296928253,4426.380580972683,7560.18792432646,7393.969891699564,recency_aggregate
ewma_14,6884.690724035438,6899.890566253863,7334.801905445816,7116.139554819313,5551.007305240918,7529.970300801484,7429.576395090356,recency_aggregate
ewma_28,6958.894159442371,6953.213377677721,7377.715878774666,7255.613347529129,6217.298329955821,7470.994342309451,7424.027582897378,recency_aggregate
same_dow_mean_4w,6902.333333333333,7673.666666666667,7974.666666666667,7327.0,6899.333333333333,6907.333333333333,7816.0,recency_aggregate
same_dow_mean_8w,6145.857142857143,7798.142857142857,7816.285714285715,7478.0,7023.285714285715,6845.714285714285,7501.428571428572,recency_aggregate
yoy_ratio,0.9978645515558268,0.9506122448979591,1.1169020235842189,1.0063280869706313,0.1238202563741372,0.9881076842655515,1.2267536704730833,yearly_lookback
same_holiday_lastyear_lag,,7919.0,,,7787.0,,,holiday_yoy
holiday_yoy_lag,,,4576.0,6264.0,,,,holiday_yoy
holiday_yoy_lift,,,0.6436837937848685,0.8811265918418741,,,,holiday_yoy
floortables,288.0,288.0,289.0,289.0,284.0,294.0,294.0,capacity
lag_anchor_7_per_table,22.71527777777778,24.260416666666668,26.546712802768166,21.46020761245675,3.0950704225352115,25.717687074829932,25.578231292517007,capacity
lag_anchor_14_per_table,23.305555555555557,26.40625,28.20069204152249,24.280276816608996,25.87676056338028,24.336734693877553,24.829931972789115,capacity
trend_7_vs_28,0.969903944472148,0.9841109940931361,0.9857230816593551,0.9657495570224118,0.8511305942732762,0.9980601450591035,0.9954145162218683,recency_aggregate
trend_diff_7_28,-213.39285714285688,-111.53571428571468,-106.0,-251.28571428571377,-962.3928571428569,-14.5,-34.14285714285779,recency_aggregate
lag_anchor_7_zscore,-1.1299005085993172,-0.07302580135877919,0.7036334249269174,-2.527452780095719,-3.5416336090074068,0.2052236939806664,0.17415813702523156,short_lag
same_dow_vs_overall,0.9734768541604754,1.0931649631223788,1.0740911773005979,0.998675935120821,1.0672353245567028,0.9240844617300702,1.04971124882485,recency_aggregate
yoy_anchor_diff,-236.0,-376.0,1050.0,-722.0,-7133.0,2985.0,2185.0,yearly_lookback
CNY_x_recent,0.0,0.0,7424.571428571428,7336.714285714285,0.0,0.0,0.0,holiday_flag
GoldenWeek_x_recent,0.0,0.0,0.0,0.0,6464.678571428572,0.0,0.0,holiday_flag
Labour_x_recent,0.0,0.0,0.0,0.0,0.0,0.0,0.0,holiday_flag
MidAutumn_x_recent,0.0,0.0,0.0,0.0,0.0,0.0,0.0,holiday_flag
week_of_year,47.0,47.0,7.0,8.0,40.0,5.0,5.0,calendar
woy_sin,-0.5680647467311559,-0.5680647467311559,0.7485107481711011,0.8229838658936564,-0.992708874098054,0.5680647467311558,0.5680647467311558,calendar
woy_cos,0.8229838658936564,0.8229838658936564,0.6631226582407953,0.5680647467311559,0.1205366802553232,0.8229838658936564,0.8229838658936564,calendar
regime,3.0,3.0,3.0,3.0,3.0,3.0,3.0,regime
