,mean_abs_shap_1,mean_abs_shap_4,mean_abs_shap_7,mean_abs_shap_14,mean_abs_shap_21,mean_abs_shap_28,mean_abs_shap
rolling_max_28,79.16907691405399,233.68131633134277,256.11836016908194,322.86384533445636,479.981937140249,195.06136790464927,261.1459839656389
same_dow_mean_8w,124.60885514303362,223.73121765231343,296.8273404716031,264.02116317546245,317.94210041667714,259.918849798694,247.8415877762973
rolling_max_14,70.26808095282738,60.14508507967057,268.07296948075657,169.00937206958625,5.527724969133642,115.34027269323198,114.72725087420108
lag_2,607.0221377215803,0.0,0.0,0.0,0.0,0.0,101.17035628693006
rolling_mean_28,2.8689920657351866,21.202152623161496,23.5448629082782,56.47421522865343,130.4076349935051,339.0488053956889,95.59111053583706
ewma_28,98.93173024170355,247.9377400439036,105.25360515763256,13.079593509160267,25.715690038371577,63.94063411468946,92.47649885091016
mainland_block_pos_norm,59.971741701552965,77.04210902844703,78.6212962958843,76.5257779654762,83.47749573446887,85.12637244975215,76.79413219593027
rolling_mean_14,44.08385352925539,201.64804192383585,81.24000325181572,84.61442426355521,1.156657821965922,6.939618396099038,69.94709986442119
lag_35,75.88163447409897,69.07688201896785,69.83553727179576,63.79058366451211,61.826696443359225,42.01015380604847,63.736914613130395
mainland_block_length,49.754607162766355,36.96218975527368,26.21625171856293,42.60566612953834,37.07705766094592,35.8971907670164,38.08549386568394
doy_sin,29.903244203609624,43.253188684737765,47.013843500462485,37.448262457079785,31.14264150779953,33.6634965633945,37.07077948618062
lag_42,29.2035377857084,48.35415155184838,24.33231359991445,29.52243116044218,32.2946782429109,53.97705919839461,36.28069525653649
dow_cos,69.70042422094762,17.564284009636534,21.253900231953725,28.29517430795321,36.0052501376041,28.73976201620492,33.59313248738335
year,5.416321369158836,35.28943361710334,34.19941852061743,16.84057303797391,52.772844350364274,50.11507022394995,32.43894351986129
lag_91,14.28392193736147,23.637797499052308,29.169321666506285,33.21447279055745,44.316266588634484,41.85239849887163,31.07902983016394
holiday_yoy_lag,18.46393599726254,31.730383943254566,30.98879295644302,32.54163631701202,35.07915377650105,29.655412238166253,29.74321920477324
days_from_last_holiday,37.72310435930846,33.84279101924396,31.276232391642626,26.972336186348773,17.994095996562173,28.160789832230513,29.32822496422275
days_to_next_holiday,15.831068851126728,26.501033857141458,25.630741151872414,27.828774236669936,31.13650496207586,31.396138194337038,26.38737687553724
dow,39.81961990587539,12.349403507194257,20.496810235052237,24.88555204289118,24.831702585369065,33.494271314801026,25.979559931863857
same_holiday_lastyear_lag,13.681905690485467,32.2470112010697,31.86498010803435,27.978919564149663,24.12693296293312,22.932622586267488,25.472062018823294
day,20.890903585185455,23.640485822921864,27.5383053226686,27.445505972352183,22.634258074478073,25.490857100664623,24.606719313045133
yoy_anchor_diff,3.733156461002474,11.116859529486721,14.530379289843127,34.47559218046628,24.87536651940629,44.16700914750647,22.14972718795189
ewma_14,1.0170358298306332,0.3647223983057947,6.7286794164751935,99.16966517176509,7.767269469523311,1.1640791277693814,19.36857523561157
is_friday,15.046772444731241,18.826143984265514,19.60667717260627,21.77738384016772,19.63241338403812,20.445580406018667,19.22249520530459
lag_365,6.723778821935152,22.040558052809157,16.039243532156306,28.63785287314861,13.591881492634009,18.296146061144658,17.554910138971316
lag_728,16.924802075353966,13.926508679609602,14.597627794184291,10.857871279456045,9.933166956650712,25.648109809984955,15.314681099206595
mainland_is_last_block_day,9.629377734887832,11.961369452180266,16.678845813199818,21.346853459888766,14.114528017503172,15.884257952958468,14.935872071769722
same_dow_mean_4w,55.21290534558346,14.468916010917086,7.5611971671378395,9.40489901734331,0.36853818769884056,0.0,14.502742621446755
rolling_std_28,11.102132563192958,17.051112090663413,14.68130564717219,8.566611340104977,14.590868950382236,12.755839255196769,13.12464497445209
floortables,9.231871736127692,2.0073039083229838,9.381039397515076,13.275031145416158,17.46244520084636,22.773962140290656,12.355275588086487
mainland_block_day_index,16.711960311231532,10.77613747707586,11.212005443243726,8.671889861604631,9.004761753470477,12.540362885332158,11.486186288659729
lag_21,12.367069359687628,21.486429437089825,19.061163772242843,13.506436026076805,0.0,0.0,11.070183099182852
rolling_max_7,7.214835296913318,6.710513603809223,8.961176652550414,33.588974950503214,7.221814065465843,2.2882841015112994,10.997599778458888
rolling_max_3,3.8069609460110265,39.138248111109604,0.7382451001817558,1.7737203878098977,15.02280279403646,2.674115441168988,10.525682130052955
doy_cos,5.786248156996245,8.33306608450835,8.164305152409023,11.841766372455877,13.001163539274437,14.778734482995448,10.317547298106563
day_of_year,7.095050345748019,9.178878835512739,12.774447811109695,12.83902420977856,10.192709188288873,9.693380418681445,10.295581801519889
lag_56,19.96625181434693,8.044921035108489,6.38267019401394,7.879739537353191,10.44322281016299,5.48172865332883,9.699755674052394
holiday_yoy_lift,7.514928068437838,5.256014113093839,9.502083751704674,12.116479925480892,10.931151142003054,11.673135335889105,9.498965389434902
rolling_std_14,5.536374155115645,17.67255577167842,10.773066603677405,8.564074253645106,3.993153625169856,9.238146687226504,9.29622851608549
rolling_min_14,4.86680353249217,6.342614093089579,18.229954471411414,6.341102729144463,10.832535351556928,6.87524596283146,8.914709356754337
rolling_mean_7,5.6247176609086855,1.946062659776238,4.08167809189072,2.264172476059206,37.5735289972512,1.402351449237555,8.815418555853935
month_sin,1.2571779418034723,6.639008266475624,6.9777783228867465,8.288133132345148,14.267671866824934,13.243733068288773,8.44558376643745
rolling_min_7,3.6052431624265524,9.4379071546646,15.775909119040737,2.822254189976834,8.906911072133257,6.671999000222361,7.87003728307739
yoy_ratio,5.505744351611548,9.24416742315465,5.251005322004581,9.838406464139435,3.578705640646479,13.377900443569736,7.7993216075210725
lag_anchor_91,8.14452914097603,9.629266198243055,5.303331832829371,3.749249792139082,6.841775251207398,11.624247420632239,7.548733272671195
rolling_mean_3,1.6119872407812297,3.8488913230215074,1.2185106184003738,31.239184808675024,1.761650058183613,3.1768308462959367,7.142842482559614
trend_7_vs_28,8.155728297458648,5.74526750034077,2.0712662180628256,11.436739344077372,8.123607325149068,6.647052201880057,7.029943481161457
rolling_std_7,3.1516396304448335,5.633118570306636,5.593999605463522,4.653858199177634,6.670567573766003,14.912603614603285,6.769297865626986
CNY_x_recent,6.688195790377583,11.011768724151649,7.718427990786292,4.959328762969853,4.198418339862728,5.993088957371187,6.761538094253217
same_dow_vs_overall,5.055721299724674,3.0520020359342594,10.496097015493834,3.300417263584247,18.63257333209527,0.0,6.756135157805382
rolling_min_28,9.769655697240529,11.623221812486912,5.644396782776573,3.881381719345511,4.07366109214509,4.606789008672626,6.5998510187778745
rolling_min_3,6.170683754449717,4.842651326388318,2.2690558786883983,12.3083709983685,7.565933608176377,6.416605921196002,6.595550247877886
woy_cos,2.149598197633176,3.546118967490359,5.270272678362677,7.384606891804751,6.597002155049629,13.268124253648894,6.369287190664914
lag_14,11.348290359399144,11.620493632520466,13.440019832712316,0.0,0.0,0.0,6.068133970771988
trend_diff_7_28,3.041027071539434,4.153446081981927,6.222099937663679,5.589857617475517,4.944774041474786,9.610247827512216,5.5935754296079265
lag_182,3.663446959704967,4.630039906591893,3.9956894507549867,9.162872640787889,2.8142115225524704,8.034829614262302,5.383515015775751
woy_sin,3.7684354707677477,5.946848628632308,5.255600868051231,5.638428368175627,5.258517196772509,5.647962885986599,5.2526322363976705
lag_anchor_7,1.087495581429035,1.8816206950437087,2.571980488580992,0.7753498650584507,17.785789834126444,5.1995916054604985,4.8836380116165214
rolling_std_3,3.86313984315338,13.142463475617939,1.4811649460279894,1.7341796661309588,2.9715306736409053,5.862703933399672,4.842530422995141
ewma_3,17.908632618655314,2.438593109966423,0.3675306520051108,1.1368866176470849,5.604306029099431,1.3428758136158199,4.799804140164864
lag_anchor_365,2.1035132072647893,4.9308094640355495,6.39267415553442,3.199177991553383,3.6129079110055407,7.897230074672955,4.68938546734444
lag_anchor_7_zscore,2.332603782782629,4.3041470620976,5.945386607161409,4.027463484678406,3.625696549543587,4.7979869767399395,4.172214077167262
ewma_7,3.025169239047484,3.1976527140844397,1.0347712088774965,6.415219769029886,4.796863297228657,1.1081481223389098,3.2629707251011455
dow_sin,4.0893827770774696,1.9353621260191451,1.1860867223954932,2.921572578622079,4.163239488788968,4.688950811189858,3.1640990840155023
week_of_month,3.0581564711082754,2.2571929872768455,2.6027838175348528,3.5881157035008084,4.355534657182205,2.4057707590225226,3.0445923992709183
week_of_year,1.865108321664719,2.8849676937755415,2.9772790692362916,2.9225831994734874,4.76591946519788,2.2315221733385977,2.9412299871144194
lag_7,6.10176589199336,9.264807039385841,0.0,0.0,0.0,0.0,2.5610954885632005
lag_anchor_56,2.9526789085457663,2.9992492999410603,1.9919599379880037,0.9089191284797818,1.5514775373326488,3.5664948735790207,2.3284632809777137
lag_anchor_21,2.579426719167051,3.6768901589233325,2.958294397686927,4.481852906186602,0.11509515425713196,0.010421201574694651,2.3036634229659563
lag_28,0.7747435700585258,3.691230295343966,2.8012998203537136,2.7230879656088502,2.6863869420884714,0.0,2.112791432242255
regime,0.0,0.726487209689135,0.0,2.0161272896114895,3.823792607180825,6.040517693380775,2.101154133310371
lag_5,7.548868992477692,4.571958704241285,0.0,0.0,0.0,0.0,2.0201379494531624
is_CNY,1.7891301207590737,0.9830309939017609,1.5192513556022238,0.8819835383678216,4.463724434669009,2.3493560455353073,1.997746081472533
month_cos,1.438524137912326,0.9417197773711283,2.801006144908914,1.4876414154739934,0.8870298887152415,3.7986942308948213,1.892435932546071
lag_anchor_7_per_table,0.9357034239751779,1.5394878110431567,0.9410663600144252,0.6792003375187807,5.432654583233747,1.4750162542799852,1.8338547950108786
CNY_dm1,1.0504421569553581,2.091053606062401,2.1131694368094256,2.1935566710742385,1.8660480833272854,1.3020408563644845,1.7693851350988656
is_MidAutumn,1.9108439518740266,2.2244248378496394,1.6080160546537303,1.5480266111903282,1.4305250293188432,1.6929697398756545,1.7358010374603705
lag_10,4.0085444729364665,3.7688314310053204,2.3354705370591406,0.0,0.0,0.0,1.685474406833488
lag_anchor_14,1.2455871876366842,2.4387905021151846,2.6580949680670733,0.24892390150794502,2.570481516497029,0.48931950018569814,1.6085329293349355
lag_anchor_182,0.6300652106494949,0.4114368925748734,0.9705617397139152,2.31808639541245,1.3213007861542487,2.677884465369761,1.3882225816457905
mainland_is_workday,2.1068908052976885,0.041993072055924355,1.7333950607533426,2.4261166137840493,0.0,1.2524278487319718,1.2601372334371628
lag_8,1.1251789390865852,3.2924176111771497,2.211486124875837,0.0,0.0,0.0,1.104847112523262
lag_anchor_14_per_table,0.9258855984672619,1.105759894091183,1.77442423819494,0.25865043611450433,1.304968861785626,0.3950535790848219,0.9607904346230561
is_Easter,1.11031894344922,1.6361349338097364,1.0932975518263264,0.5841994636194958,0.6594061369360278,0.36514004436551073,0.9080828456677195
Labour_dp0,0.4251042397818371,1.192083607691495,0.642840068011434,0.6476619124847808,1.2942854267078312,0.9565677454337294,0.8597571666851845
lag_6,2.806775718213536,2.072760637854062,0.0,0.0,0.0,0.0,0.8132560593445998
lag_9,2.0308183364295145,2.0926057636095017,0.6726744446590143,0.0,0.0,0.0,0.7993497574496717
lag_4,4.667860364973673,0.0,0.0,0.0,0.0,0.0,0.7779767274956122
month,0.4138614114235043,0.4241234747782628,1.4626694939274527,0.450564569179708,0.6064934363826778,0.8381118286934323,0.6993040357308397
CNY_dp1,0.0,0.4075847705815887,0.8650181916812077,1.0649154759455415,0.9509584354872977,0.892031028823424,0.69675131708651
MidAutumn_x_recent,1.0622886423273252,0.3488600310455595,0.6763312920366525,0.5329852976512506,0.6670197299289273,0.7493685337180733,0.6728089211179646
is_month_start,0.19168214766372557,1.1992707776020022,0.7689899295105079,0.5031382241312713,0.8438909513645544,0.4515708285489076,0.6597571431368281
holiday_dow0,0.10523912996644662,0.05746946734126524,0.5292708993241746,0.8925577613589332,0.8442241500439422,1.0777110693913199,0.5844120795710137
CNY_dp6,0.0,0.12375362751463632,0.42211496336319493,0.7929864587963643,0.8545621275646633,0.9571991030305089,0.5251027133782279
lag_anchor_28,0.18589064918155077,0.031729907014195514,0.3299425075684268,1.0115761940877759,0.2201391057570605,0.009491818853873332,0.2981283637438138
Labour_dp1,0.031276837481524815,0.46515219418487674,0.2908053966926423,0.36768810362683757,0.37514838302877435,0.13449772167036364,0.27742810611416996
Labour_x_recent,0.3118306115992142,0.12141265393678707,0.39662715317183694,0.22972215115186423,0.061075950239367655,0.32722038739122067,0.24131481791504847
Labour_dow3,0.0,0.03394524923540949,0.4253466085687543,0.35707904147987746,0.33190416261497474,0.26778780949333625,0.23601047856539206
is_ChingMing,0.04268290504219242,0.16246119276935606,0.19565413177603694,0.1680586615500947,0.4187211589095894,0.3985996847617854,0.23102962246817582
GoldenWeek_x_recent,0.10400711936587001,0.10605479024837888,0.19859814054466293,0.22753142563061407,0.1263730777669212,0.45836616110983414,0.20348845244438024
quarter,0.0,0.0,0.33462379358949035,0.44002984619735624,0.14840476354418214,0.0,0.15384306722183816
lag_3,0.701841714310754,0.0,0.0,0.0,0.0,0.0,0.11697361905179235
is_saturday,0.0,0.0,0.5127665821327064,0.09976108561223353,0.0,0.06299302004151784,0.11258678129774297
CNY_dp3,0.16455668513009314,0.0,0.03375505889219179,0.26257892555501994,0.017278023999925538,0.18686381270631025,0.11083875104725677
CNY_dp2,0.5443934137716231,0.0,0.0,0.0,0.0,0.0,0.09073223562860384
CNY_dm2,0.05396259283287411,0.08598432839884787,0.1456419060277788,0.18609497866890812,0.07178565852911316,0.0,0.09057824407625369
GoldenWeek_dp1,0.0,0.14357096875540568,0.0929459684174169,0.12984385784676158,0.08044086463270278,0.07439322179560247,0.08686581357464825
GoldenWeek_dp6,0.23966114632122,0.045566043078216004,0.0,0.14929405544453167,0.04565627539152132,0.0,0.08002958670591483
is_DragonBoat,0.33491088809258124,0.0,0.0,0.0,0.0,0.12840085845710925,0.07721862442494841
is_Labour,0.0757220486240133,0.0,0.1252243022616278,0.12657679796820429,0.0,0.13152153856004406,0.07650744790231491
CNY_dm3,0.28196628087525877,0.0,0.0,0.14113830355631493,0.0,0.014511224652727035,0.07293596818071679
is_Christmas,0.1997704349135409,0.05030856685367535,0.006874575721306952,0.0,0.0,0.15118213435734196,0.06802261864097753
Labour_dp4,0.06429075912419686,0.016685474275986767,0.0,0.0,0.11313589638293306,0.16292762617612516,0.05950662599320698
Labour_dow0,0.0,0.022168872859390613,0.06973165893289385,0.05363032441433544,0.14627331323636011,0.05036226784846055,0.05702773954857344
is_sunday,0.006332524315683746,0.0,0.3293724097469841,0.0,0.0,0.0,0.055950822343777976
holiday_dow4,0.07761962456799103,0.027977038534654428,0.0,0.12407036979426846,0.05990983140360336,0.0,0.048262810716752876
CNY_dow5,0.0,0.0,0.06543001878071948,0.1335887261624357,0.07025086803693309,0.0,0.04487826883001471
holiday_dow5,0.035758169402330134,0.006450474529583933,0.0,0.16515637448208803,0.026058132165572866,0.030003602598009143,0.043904458862930686
is_GoldenWeek,0.06909627919648194,0.07433608322265886,0.0,0.058012311130057774,0.03721840752750303,0.0,0.03977718017945027
holiday_dow3,0.04690037744695112,0.06544142953075988,0.02735155033311999,0.02281766549758779,0.007273200644071403,0.008785038765583163,0.029761543703012223
is_weekend,0.0,0.024733459538415273,0.0,0.09452957466766791,0.0,0.05600343736265613,0.02921107859478989
is_month_end,0.0,0.03666145371102986,0.06397885927932054,0.0,0.06939391455943068,0.0,0.028339037924963513
holiday_dow1,0.0,0.05282777412221449,0.0,0.0,0.0,0.07185097442117598,0.020779791423898412
mainland_is_first_block_day,0.024330182501880803,0.007397185904846508,0.0,0.010510723477577328,0.042851622419696665,0.015422193477880066,0.01675198463031356
CNY_dp10,0.09756645385802427,0.0,0.0,0.0,0.0,0.0,0.016261075643004046
DragonBoat_dm2,0.0,0.0,0.0,0.0,0.0,0.06988429408541288,0.011647382347568814
DragonBoat_dp1,0.05376710753263608,0.0,0.0,0.0,0.0,0.0,0.00896118458877268
CNY_dp0,0.0,0.0,0.0,0.0,0.027952452293132056,0.0,0.004658742048855343
Labour_dow2,0.024272545262445745,0.0,0.0,0.0,0.0,0.0,0.004045424210407624
CNY_dow2,0.0,0.0,0.0,0.0,0.0068064659913755765,0.0,0.001134410998562596
CNY_dow3,0.0,0.0,0.0,0.0,0.0,0.00666989355911279,0.0011116489265187983
CNY_dm4,0.0,0.0,0.0,0.0,0.0,0.0,0.0
CNY_dm5,0.0,0.0,0.0,0.0,0.0,0.0,0.0
CNY_dm6,0.0,0.0,0.0,0.0,0.0,0.0,0.0
is_NewYear,0.0,0.0,0.0,0.0,0.0,0.0,0.0
CNY_dp5,0.0,0.0,0.0,0.0,0.0,0.0,0.0
CNY_dp4,0.0,0.0,0.0,0.0,0.0,0.0,0.0
CNY_dm7,0.0,0.0,0.0,0.0,0.0,0.0,0.0
GoldenWeek_dow0,0.0,0.0,0.0,0.0,0.0,0.0,0.0
CNY_dp7,0.0,0.0,0.0,0.0,0.0,0.0,0.0
Labour_dow5,0.0,0.0,0.0,0.0,0.0,0.0,0.0
MidAutumn_dow4,0.0,0.0,0.0,0.0,0.0,0.0,0.0
MidAutumn_dow3,0.0,0.0,0.0,0.0,0.0,0.0,0.0
CNY_dow6,0.0,0.0,0.0,0.0,0.0,0.0,0.0
MidAutumn_dow1,0.0,0.0,0.0,0.0,0.0,0.0,0.0
MidAutumn_dow0,0.0,0.0,0.0,0.0,0.0,0.0,0.0
Labour_dow6,0.0,0.0,0.0,0.0,0.0,0.0,0.0
Labour_dow4,0.0,0.0,0.0,0.0,0.0,0.0,0.0
MidAutumn_dow6,0.0,0.0,0.0,0.0,0.0,0.0,0.0
Labour_dow1,0.0,0.0,0.0,0.0,0.0,0.0,0.0
GoldenWeek_dow6,0.0,0.0,0.0,0.0,0.0,0.0,0.0
GoldenWeek_dow5,0.0,0.0,0.0,0.0,0.0,0.0,0.0
GoldenWeek_dow4,0.0,0.0,0.0,0.0,0.0,0.0,0.0
GoldenWeek_dow3,0.0,0.0,0.0,0.0,0.0,0.0,0.0
GoldenWeek_dow2,0.0,0.0,0.0,0.0,0.0,0.0,0.0
MidAutumn_dow5,0.0,0.0,0.0,0.0,0.0,0.0,0.0
holiday_dow2,0.0,0.0,0.0,0.0,0.0,0.0,0.0
CNY_dp8,0.0,0.0,0.0,0.0,0.0,0.0,0.0
GoldenWeek_dow1,0.0,0.0,0.0,0.0,0.0,0.0,0.0
CNY_dp9,0.0,0.0,0.0,0.0,0.0,0.0,0.0
GoldenWeek_dp0,0.0,0.0,0.0,0.0,0.0,0.0,0.0
GoldenWeek_dp2,0.0,0.0,0.0,0.0,0.0,0.0,0.0
GoldenWeek_dp3,0.0,0.0,0.0,0.0,0.0,0.0,0.0
GoldenWeek_dp4,0.0,0.0,0.0,0.0,0.0,0.0,0.0
GoldenWeek_dp5,0.0,0.0,0.0,0.0,0.0,0.0,0.0
Labour_dp2,0.0,0.0,0.0,0.0,0.0,0.0,0.0
holiday_dow6,0.0,0.0,0.0,0.0,0.0,0.0,0.0
Labour_dp3,0.0,0.0,0.0,0.0,0.0,0.0,0.0
DragonBoat_dm1,0.0,0.0,0.0,0.0,0.0,0.0,0.0
DragonBoat_dp0,0.0,0.0,0.0,0.0,0.0,0.0,0.0
CNY_dow0,0.0,0.0,0.0,0.0,0.0,0.0,0.0
CNY_dow1,0.0,0.0,0.0,0.0,0.0,0.0,0.0
CNY_dow4,0.0,0.0,0.0,0.0,0.0,0.0,0.0
MidAutumn_dow2,0.0,0.0,0.0,0.0,0.0,0.0,0.0
