origin,target,horizon,actual,is_holiday,holiday,analog_knn,analog_knn_recent,analog_kmeans,dow_base,lgbm
2023-01-15,2023-01-16,1,2840.0,True,CNY,2208.698302122004,3856.5926562863124,2373.9512627559634,2605.5,1497.3237127198058
2023-01-15,2023-01-17,2,2470.0,True,CNY,2168.312125209383,3956.6655024884312,2380.0922105822133,2644.0,1552.38491581807
2023-01-15,2023-01-19,4,2423.0,True,CNY,1912.2634392634395,4209.330311981548,1905.819215830377,2622.5,1375.1095755846598
2023-01-29,2023-01-30,1,4419.0,True,CNY,3272.127331640725,4799.0,3375.6866592344854,2605.5,2966.981056164334
2023-01-29,2023-01-31,2,4104.0,True,CNY,3265.919748011684,4799.0,3394.3042477505755,2644.0,3000.497187460789
2023-01-29,2023-02-02,4,3741.0,False,none,2905.144404753203,4209.330311981548,2828.9956385433197,2622.5,4640.527857489561
2023-01-29,2023-02-08,10,3821.0,False,none,2770.4426384924636,3879.277175668929,2770.4426384924636,2673.0,5383.501922242532
2023-02-12,2023-02-13,1,3673.0,False,none,3540.6636589751597,4145.536503297698,3690.740951810835,2796.3333333333335,3830.8189881249336
2023-02-12,2023-02-14,2,3383.0,False,none,3719.1236774047693,4171.574942470465,3740.3519545572685,2905.6666666666665,3784.1014713951527
2023-02-12,2023-02-16,4,3844.0,False,none,4170.320950604065,5188.0111764059075,3917.225100646747,3207.75,3848.967892030181
2023-02-12,2023-02-19,7,4295.0,False,none,4568.042923524879,4818.447227003377,4151.270679754077,3764.3333333333335,3958.566939302376
2023-02-12,2023-02-22,10,3887.0,False,none,3982.1969221404256,5298.955013377967,3864.3696134969887,3055.6666666666665,3833.670284008953
2023-02-12,2023-02-26,14,3933.0,False,none,4286.385569678057,5720.5415938717915,4175.664891792394,3764.3333333333335,4206.358002341743
2023-02-26,2023-02-27,1,3103.0,False,none,3592.0616561382144,3680.4136414860964,3695.7108243593107,3120.6,3620.207363915544
2023-02-26,2023-02-28,2,3446.0,False,none,3749.5103481211513,3749.5103481211513,3754.6542504339204,3170.2,3605.370104838024
2023-02-26,2023-03-02,4,3574.0,False,none,3999.391985001172,4178.738392588747,3979.9774491962044,3724.2,3689.0003868938034
2023-02-26,2023-03-05,7,3996.0,False,none,4232.173679931941,4303.669096156489,4090.999515981362,3904.2,3987.3397738636254
2023-02-26,2023-03-08,10,3791.0,False,none,3894.8455824820194,3894.8455824820194,3872.169518447773,3280.2,3669.15820093508
2023-02-26,2023-03-12,14,4021.0,False,none,4166.603442464717,4667.79750225453,4095.7122429826804,3904.2,4289.135540182942
2023-03-12,2023-03-13,1,3352.0,False,none,3435.3766745468874,3435.3766745468874,3631.1956970174742,3390.8,3386.8180277018537
2023-03-12,2023-03-14,2,3483.0,False,none,3629.044917257683,3629.044917257683,3692.1075692561803,3532.6,3446.3550978718804
2023-03-12,2023-03-16,4,3436.0,False,none,3696.5805095876017,3792.790648743807,3884.0662883023933,3800.0,3557.931261337604
2023-03-12,2023-03-19,7,4419.0,False,none,3993.5384817441554,3993.5384817441554,4028.368740560178,4116.6,3964.762350230046
2023-03-12,2023-03-22,10,4096.0,False,none,3732.962039180356,3732.962039180356,3786.5310918727064,3682.2,3670.42409564054
2023-03-12,2023-03-26,14,3708.0,False,none,3959.4408756381467,3959.4408756381467,4052.2554300452243,4116.6,3982.122686944166
2023-03-26,2023-03-27,1,3510.0,False,none,3536.8378183774025,3449.4218657426527,3586.654344973593,3440.6,3361.68515938868
2023-03-26,2023-03-28,2,3398.0,False,none,3680.297904132205,3591.579196217494,3653.9907987576075,3653.4,3342.4749017221325
2023-03-26,2023-03-30,4,3771.0,False,none,3890.330979020066,3753.634441077727,3842.0620001353923,3749.6,3424.872936642867
2023-03-26,2023-04-02,7,3676.0,False,none,3952.3097832486433,3894.201075922357,3973.1891340527195,4015.4,3884.03916439192
2023-03-26,2023-04-05,10,3096.0,True,ChingMing,3481.1827702585156,3658.0989644438623,3481.1827702585156,3721.6,3725.250994472155
2023-03-26,2023-04-09,14,4433.0,True,Easter,3919.3287383446527,3892.654553941722,3919.3287383446527,4015.4,3752.96204873578
2023-04-09,2023-04-10,1,3880.0,True,Easter,3359.3330483526233,3629.1824453142985,3359.3330483526233,3458.6,3642.921241554957
2023-04-09,2023-04-11,2,4003.0,False,none,3563.3065768547103,3357.566858046882,3518.4428032683845,3497.0,3675.9875623288303
2023-04-09,2023-04-13,4,4070.0,False,none,3737.5154426485665,3636.58090155298,3694.801037636876,3650.0,3795.603903688202
2023-04-09,2023-04-16,7,4813.0,False,none,3853.4951082293355,3772.7640988503663,3829.0607411030496,3964.0,4002.43189058862
2023-04-09,2023-04-19,10,4296.0,False,none,3686.5975406862776,3579.216391076511,3622.0646620046623,3692.8,3517.4531746510424
2023-04-09,2023-04-23,14,4795.0,False,none,3923.8127825923134,3720.7785342892485,3806.970775595148,3964.0,3873.571894471372
2023-04-23,2023-04-24,1,4780.0,False,none,3939.4394278050963,3723.2657195366305,3804.5775414436716,3583.0,4193.3357985652665
2023-04-23,2023-04-25,2,5042.0,False,none,4120.381049113725,3876.0053220844648,3875.455966761826,3705.8,4214.140452671498
2023-04-23,2023-04-27,4,4727.0,False,none,4108.722661437166,4148.803350618268,4072.8558538813422,3935.2,4264.152797696099
2023-04-23,2023-04-30,7,6558.0,False,none,4248.037594257212,4192.4500082504055,4229.015104474751,4282.2,4488.14682283637
2023-04-23,2023-05-03,10,4638.0,True,Labour,4349.708101623464,4272.916759565487,4748.9967268965875,3918.8,4246.125410783587
2023-04-23,2023-05-07,14,3730.0,False,none,4325.249351458797,4378.711497966389,4255.633741053467,4282.2,4318.119934588683
2023-05-07,2023-05-08,1,3754.0,False,none,4477.016901471948,4362.371066013102,4362.371066013102,3868.6,3825.996119982878
2023-05-07,2023-05-09,2,4159.0,False,none,4450.367991344138,4444.2709563906,4444.2709563906,3927.6,4023.7688115436895
2023-05-07,2023-05-11,4,4543.0,False,none,4670.883322706986,4863.7312758252565,4680.970631758964,4080.4,4043.399438918577
2023-05-07,2023-05-14,7,4160.0,False,none,4430.862595557226,5099.618680989373,4896.676793903426,4714.4,4783.774727436568
2023-05-07,2023-05-17,10,4622.0,False,none,4564.605594600157,5007.146638827784,4563.142519906772,4249.2,4409.612211998227
2023-05-07,2023-05-21,14,4856.0,False,none,4613.295850971719,5020.6794675813735,4930.520124102171,4714.4,4858.436892058227
2023-05-21,2023-05-22,1,4276.0,False,none,4233.658079840274,4105.227769094176,4323.181565572634,3940.8,4329.422791985284
2023-05-21,2023-05-23,2,4489.0,False,none,4250.030726647469,4250.030726647469,4385.095022925506,4323.8,4552.952808581391
2023-05-21,2023-05-25,4,5099.0,False,none,4683.206370698459,4691.383929320324,4646.999529375698,4506.2,4564.7724619824585
2023-05-21,2023-05-28,7,4987.0,False,none,4711.819658590308,4870.934436771327,4856.109559490069,4819.8,4692.983999557433
2023-05-21,2023-05-31,10,3906.0,False,none,4588.456863849954,4588.456863849954,4540.313636512565,4463.4,4188.954675257392
2023-05-21,2023-06-04,14,5173.0,False,none,4818.347436014209,4820.758660937987,4875.385306692035,4819.8,4579.706486845182
2023-06-04,2023-06-05,1,4232.0,False,none,4262.830693120588,4194.138855070893,4264.454858118611,4168.4,4452.229422156236
2023-06-04,2023-06-06,2,4509.0,False,none,4253.000770716576,4192.617965549516,4351.1644266498,4416.4,4397.283429986615
2023-06-04,2023-06-08,4,5211.0,False,none,4574.3453768883455,4628.009021683994,4542.932432057317,4635.4,4444.552162880559
2023-06-04,2023-06-11,7,5853.0,False,none,4919.631677742869,4919.631677742869,4805.134019520521,4581.2,5199.805437913642
2023-06-04,2023-06-14,10,5443.0,False,none,4470.2641998081335,4521.121200990818,4526.472376048313,4464.6,4500.621874038615
2023-06-04,2023-06-18,14,5143.0,False,none,4934.761811233287,4755.6360575704475,4849.935143231603,4581.2,4899.592441056882
2023-06-18,2023-06-19,1,4498.0,False,none,4726.765954642592,4520.431494860718,4591.150187855775,4351.2,4806.57932184982
2023-06-18,2023-06-20,2,4509.0,True,DragonBoat,4395.027613008796,4610.898345153665,4573.891537544696,4562.6,4643.927355803233
2023-06-18,2023-06-22,4,4601.0,True,DragonBoat,5472.8318674575585,5133.772185125489,5472.8318674575585,4896.0,5352.989821325387
2023-06-18,2023-06-25,7,4398.0,False,none,4881.954926616391,5314.786851318874,5141.283312513013,5202.4,5498.8738458597
2023-06-18,2023-06-28,10,4289.0,False,none,4994.261012836134,4878.619663382595,4872.852181403507,4692.6,5104.752800095464
2023-06-18,2023-07-02,14,5546.0,False,none,5342.168642776712,5318.672910450842,5163.554072224357,5202.4,5014.844408073395
2023-07-02,2023-07-03,1,4953.0,False,none,4651.743950559649,4535.1080022491,4598.867844147539,4469.6,4427.711724739631
2023-07-02,2023-07-04,2,4888.0,False,none,4689.080566968847,4556.071820548426,4728.362515670706,4520.2,4469.88991926638
2023-07-02,2023-07-06,4,5352.0,False,none,4956.647921397194,5029.206491551803,4937.929301898092,4858.4,4850.408571131929
2023-07-02,2023-07-09,7,5410.0,False,none,5426.67448099218,5428.752567303433,5160.486001364582,5222.6,5397.897341669675
2023-07-02,2023-07-12,10,4754.0,False,none,5094.703457934575,4918.86773573504,4905.018532666766,4626.0,4719.225555361392
2023-07-02,2023-07-16,14,5483.0,False,none,5456.70094365058,5545.50332540501,5192.967583493369,5222.6,5623.664656578091
2023-07-16,2023-07-17,1,5231.0,False,none,4632.634918661278,4604.092991668184,4664.509026566664,4700.0,4705.902041609907
2023-07-16,2023-07-18,2,4691.0,False,none,4720.919606612025,4705.226830763114,4748.1559898803935,4708.8,4846.35068078993
2023-07-16,2023-07-20,4,5298.0,False,none,5092.7646875334885,5219.907952493747,5014.460483910347,5125.4,5304.259963979504
2023-07-16,2023-07-23,7,5880.0,False,none,5490.265740173261,5432.646887822057,5269.0478691953185,5196.0,5617.225388254406
2023-07-16,2023-07-26,10,5524.0,False,none,4998.019343529448,4867.24836341828,4891.421019576779,4831.6,5098.114192756764
2023-07-16,2023-07-30,14,5728.0,False,none,5479.543327042329,5505.952474293593,5303.532371188635,5196.0,5697.776597172517
2023-07-30,2023-07-31,1,5154.0,False,none,5281.505460746998,5361.529379937494,5050.027239553534,4848.4,5112.052814101424
2023-07-30,2023-08-01,2,4891.0,False,none,5210.962487614709,5072.087236776409,5092.244218685116,4782.4,5146.351062937046
2023-07-30,2023-08-03,4,5239.0,False,none,5384.875320530632,5711.078157752325,5386.025218072021,5233.0,5312.24976959772
2023-07-30,2023-08-06,7,6317.0,False,none,5826.723595222677,5989.357356531308,5765.419621651249,5609.4,5551.575348141134
2023-07-30,2023-08-09,10,5751.0,False,none,5438.636902677855,5338.097601273854,5319.988803088803,4885.2,5195.161902147291
2023-07-30,2023-08-13,14,5337.0,False,none,5776.7837864771045,6002.903090187771,5804.861041769016,5609.4,5706.720927956427
2023-08-13,2023-08-14,1,4771.0,False,none,5224.418682284536,5325.144662939822,5192.3644308357825,5170.0,5239.779177596407
2023-08-13,2023-08-15,2,4644.0,False,none,5353.512901387652,5382.145761576922,5279.77378515158,5048.6,5020.718311491475
2023-08-13,2023-08-17,4,4991.0,False,none,5537.615104866672,5624.796643154705,5537.789242754038,5420.2,5564.9513693134
2023-08-13,2023-08-20,7,6051.0,False,none,5631.910480858072,6114.8599043533195,5868.475420725986,5749.0,5794.340752886325
2023-08-13,2023-08-23,10,5343.0,False,none,5512.551939855354,5638.343231441048,5506.832335882802,5268.2,5497.300962798014
2023-08-13,2023-08-27,14,6023.0,False,none,5559.965411963203,6202.236583790916,5906.883014919026,5749.0,5991.400286255527
2023-08-27,2023-08-28,1,4891.0,False,none,5247.730701556143,5278.315567753877,5194.049687752978,5218.4,5286.834706919103
2023-08-27,2023-08-29,2,4379.0,False,none,5529.826136437011,5345.48801095542,5252.30610112829,5227.6,5116.80277794511
2023-08-27,2023-08-31,4,4160.0,False,none,5077.71782785562,5577.427946245304,5491.987547622691,5313.0,5307.874911271444
2023-08-27,2023-09-03,7,4571.0,False,none,5948.726773662828,6009.786688648559,5938.504947791195,5891.2,5912.599805252561
2023-08-27,2023-09-06,10,5152.0,False,none,5346.965366387167,5477.790402033265,5426.469261078254,5399.8,5532.589259564843
2023-08-27,2023-09-10,14,5625.0,False,none,5866.651283170489,6094.080264126098,5956.768585900544,5891.2,5990.364548791966
2023-09-10,2023-09-11,1,5123.0,False,none,4750.844216102979,4673.574857370024,4741.711541851059,5004.2,5208.012487145687
2023-09-10,2023-09-12,2,5580.0,False,none,4667.800500350591,4644.189053956361,4787.788013713879,4854.8,5225.319327750023
2023-09-10,2023-09-14,4,5285.0,False,none,5326.190386690982,5126.47444072549,5047.175358002062,5031.0,5042.986866951526
2023-09-10,2023-09-17,7,5443.0,False,none,5416.918802406125,5540.336144570026,5246.830553685192,5521.4,5376.660302279982
2023-09-10,2023-09-20,10,5647.0,False,none,4934.5568157329735,4869.6432377036135,4965.239046056355,5131.4,5222.961536235893
2023-09-10,2023-09-24,14,5052.0,False,none,5161.816873786284,5589.044594950557,5166.916599839616,5521.4,4779.620583137512
2023-09-24,2023-09-25,1,4069.0,False,none,4920.701686986587,4887.944452482736,4777.830779101934,4982.2,4979.1722511847465
2023-09-24,2023-09-26,2,4342.0,False,none,4857.156201624841,5030.228525673261,4829.37657730097,5085.2,4990.281106856396
2023-09-24,2023-09-28,4,3816.0,True,MidAutumn,3913.7501497158228,5322.649548473611,3913.7501497158228,5106.6,5145.407558112267
2023-09-24,2023-10-01,7,6910.0,True,GoldenWeek,6079.049194019613,5554.206271204783,6272.521597494885,5342.8,6325.147565780605
2023-09-24,2023-10-04,10,6643.0,True,GoldenWeek,6284.66338080294,4975.898410660437,6284.66338080294,5215.8,5795.345135116627
2023-09-24,2023-10-08,14,3997.0,False,none,4704.29930569979,5632.109852445684,5399.266989523214,5342.8,5538.057432273118
2023-10-08,2023-10-09,1,3869.0,False,none,4881.388093183779,5009.712857612627,4874.9152201097895,4736.0,3784.892518084369
2023-10-08,2023-10-10,2,4811.0,False,none,4926.869166585452,4946.138605744267,4949.685940327977,4825.4,4054.616298290487
2023-10-08,2023-10-12,4,5488.0,False,none,5235.242488630433,5469.371386924185,5234.124782674277,5106.6,4795.407757591818
2023-10-08,2023-10-15,7,5702.0,False,none,5430.272832326847,5718.808686858959,5476.62922200419,4937.6,5488.928568011512
2023-10-08,2023-10-18,10,5756.0,False,none,5125.331320360844,5099.857923589582,5140.044352816627,4979.8,5169.09649814247
2023-10-08,2023-10-22,14,6218.0,False,none,5463.920775070515,5769.08619744514,5499.90118245117,4937.6,5777.037938845804
2023-10-22,2023-10-23,1,5198.0,False,none,5154.30991361548,5010.029227227886,4908.9608204230035,4801.8,5514.307210582146
2023-10-22,2023-10-24,2,5138.0,False,none,5057.092658617079,5106.874731592287,4949.998519168541,5166.4,5621.151579658847
2023-10-22,2023-10-26,4,5140.0,False,none,5280.8154205327755,5488.346574044838,5261.053003607031,5479.4,5420.574714855772
2023-10-22,2023-10-29,7,5683.0,False,none,5430.615760829047,5719.169836760245,5430.615760829047,5282.4,5812.185220674903
2023-10-22,2023-11-01,10,5258.0,False,none,5162.736037164631,5304.694270421438,5118.065321631139,5166.4,5256.042040815264
2023-10-22,2023-11-05,14,5503.0,False,none,5462.28564396542,5772.781431134865,5436.342620241605,5282.4,5963.964770539021
2023-11-05,2023-11-06,1,4873.0,False,none,5038.559612976395,5234.303950979766,5135.254924768301,4774.6,5234.225100991289
2023-11-05,2023-11-07,2,4939.0,False,none,5125.18484808367,5178.218238460908,5192.362426414129,4983.2,5470.354184658835
2023-11-05,2023-11-09,4,5299.0,False,none,5547.154934037537,5626.135202224134,5478.169956384244,5472.6,5348.905531733078
2023-11-05,2023-11-12,7,5627.0,False,none,5535.6020056927255,5949.2784794139925,5779.282849825968,5420.6,5762.933013452423
2023-11-05,2023-11-15,10,5687.0,False,none,5471.1632497833125,5504.364991159384,5403.284777355886,5039.6,5557.508589525535
2023-11-05,2023-11-19,14,5949.0,False,none,5535.583629829612,5909.970130590746,5780.074858513698,5420.6,5468.081146371969
2023-11-19,2023-11-20,1,5250.0,False,none,5216.875291725398,5252.746209113496,5188.363300636994,5213.8,5289.505468765181
2023-11-19,2023-11-21,2,5474.0,False,none,5476.277930540472,5420.144575650417,5221.819311628837,5245.0,5328.408761241787
2023-11-19,2023-11-23,4,5716.0,False,none,5517.325487954934,5789.729838964321,5520.337504714564,5539.6,5489.357453268789
2023-11-19,2023-11-26,7,5744.0,False,none,5670.313149526912,5939.666831023796,5732.137960516089,5796.0,6075.958716077262
2023-11-19,2023-11-29,10,5626.0,False,none,5562.558059243929,5546.734172590481,5444.695934162668,5494.6,5576.136442065181
2023-11-19,2023-12-03,14,5454.0,False,none,5626.58781074579,5838.019914837414,5767.260059868104,5796.0,5384.064212436245
2023-12-03,2023-12-04,1,5088.0,False,none,5383.043000746033,5357.687264670474,5294.776896191035,5158.4,5045.056036042239
2023-12-03,2023-12-05,2,5206.0,False,none,5336.863180047209,5355.00219034453,5308.986425170734,5256.2,5099.613695453008
2023-12-03,2023-12-07,4,5713.0,False,none,5568.463717850895,5830.196088994928,5627.552393559637,5628.8,5433.477389840166
2023-12-03,2023-12-10,7,5568.0,False,none,5506.386043765593,5858.755482013096,5877.600699533929,5655.4,5842.186781035921
2023-12-03,2023-12-13,10,5657.0,False,none,5610.652441030292,5661.163943034247,5589.78209828315,5491.8,5628.372685642442
2023-12-03,2023-12-17,14,6031.0,False,none,5562.961768610625,5849.56389436746,5921.165847255801,5655.4,5541.768591911182
2023-12-17,2023-12-18,1,5545.0,False,none,5031.862973469463,5104.892387791289,5273.770382453224,5217.0,5218.2793672416665
2023-12-17,2023-12-19,2,5747.0,False,none,5335.547531056592,5318.024263431542,5319.191875763732,5375.6,5338.845611032445
2023-12-17,2023-12-21,4,5739.0,False,none,5744.771948884634,5801.906475474945,5720.45871196485,5764.8,5791.851319815925
2023-12-17,2023-12-24,7,6716.0,True,Christmas,6571.746293245469,5725.983136986123,6102.5349249070805,5749.2,6253.967942007117
2023-12-17,2023-12-27,10,5762.0,True,Christmas,5563.2266033400665,5676.331929058564,5987.1025039560645,5599.4,6189.355768494676
2023-12-17,2023-12-31,14,6716.0,False,none,6384.195379599659,6051.023190009683,5979.7058138504,5749.2,6584.484874152916
2023-12-31,2024-01-01,1,6099.0,True,NewYear,5968.4420729513895,5310.903176460832,6737.453081817597,5273.8,6116.577205427855
2023-12-31,2024-01-02,2,5178.0,False,none,5553.830658782702,5495.035272163685,5530.751234607152,5420.4,5883.396070488295
2023-12-31,2024-01-04,4,5586.0,False,none,6145.581307957077,5970.356975794886,5844.528138258142,5683.4,6148.634244489126
2023-12-31,2024-01-07,7,6273.0,False,none,6170.248675984908,6187.488500935171,6032.309118794502,5902.6,5955.155716845931
2023-12-31,2024-01-10,10,5838.0,False,none,5744.911464607465,5840.570125465833,5689.542290163993,5675.0,5810.100372757076
2023-12-31,2024-01-14,14,5703.0,False,none,6204.9508997669,6113.308176667991,6006.650939173579,5902.6,6142.759917646214
2024-01-14,2024-01-15,1,5604.0,False,none,5595.642878167235,5545.579665811535,5579.814436387607,5405.0,5681.316992852831
2024-01-14,2024-01-16,2,5976.0,False,none,5809.216805353369,5649.693314063089,5657.444051574511,5505.0,5740.667797665712
2024-01-14,2024-01-18,4,5748.0,False,none,5939.506161193325,6027.392101060151,6004.335949719877,5756.2,5965.050788986856
2024-01-14,2024-01-21,7,6394.0,False,none,5845.6858619394225,6181.168652954418,6122.761085081228,6058.2,6067.482102437571
2024-01-14,2024-01-24,10,5688.0,False,none,5886.251557501263,5868.681775390536,5813.979370761115,5675.0,6037.267344169284
2024-01-14,2024-01-28,14,5441.0,False,none,6040.988844001335,6171.471243052177,6171.343969513408,6058.2,6109.913875307039
2024-01-28,2024-01-29,1,5125.0,False,none,5466.5495612051345,5311.732607365017,5479.7165510734885,5508.0,5502.141140953938
2024-01-28,2024-01-30,2,4696.0,False,none,5475.834820385856,5521.5655999781375,5555.465674295636,5675.8,5598.125412760306
2024-01-28,2024-02-01,4,4570.0,False,none,5652.132765572402,5733.364480526861,5840.444917362552,5737.6,5714.324481199142
2024-01-28,2024-02-04,7,5111.0,True,CNY,5184.918480139884,6783.314567100542,5586.796483767085,6105.4,7810.274490205795
2024-01-28,2024-02-07,10,3454.0,True,CNY,4538.544032333327,6562.371517079566,5189.174220188766,5738.8,5667.138344691523
2024-01-28,2024-02-11,14,5238.0,True,CNY,6259.0618936059445,9838.00687272544,5850.340923323564,6105.4,11886.353138517414
2024-02-11,2024-02-12,1,6601.0,True,CNY,5965.206121433311,8852.370666081948,4314.5020377849605,5523.6,11436.924081492556
2024-02-11,2024-02-13,2,7221.0,True,CNY,8852.370666081948,9402.949718133526,11131.101760516058,5465.6,13513.953007117769
2024-02-11,2024-02-15,4,6772.0,True,CNY,11912.884827308157,10892.060321547046,11131.101760516058,5503.8,11885.083197047996
2024-02-11,2024-02-18,7,4977.0,True,CNY,8658.394416426767,9402.949718133526,6543.461986572012,6105.4,11360.607233687906
2024-02-11,2024-02-21,10,6045.0,False,none,5491.799960699311,5345.375884643869,5412.767101082201,5474.2,5424.323062684766
2024-02-11,2024-02-25,14,4926.0,False,none,6452.912235301877,6039.826368586402,6000.37535914173,6105.4,5553.374962064235
2024-02-25,2024-02-26,1,4713.0,False,none,4764.522604460004,4755.168400037478,4891.313230850085,5523.6,5276.00471521926
2024-02-25,2024-02-27,2,5298.0,False,none,4973.363076536383,4888.416075650118,4973.363076536383,5465.6,5372.3610926757965
2024-02-25,2024-02-29,4,6164.0,False,none,5323.394495412844,5228.482148121319,5228.482148121319,5573.4,5625.652703251635
2024-02-25,2024-03-03,7,6872.0,False,none,5300.3077758667505,5300.3077758667505,5621.501008073881,5747.4,5790.059244349697
2024-02-25,2024-03-06,10,6666.0,False,none,5028.3950896673805,5091.790006907668,5157.688219369198,5613.8,5676.965146192685
2024-02-25,2024-03-10,14,6553.0,False,none,5348.3642962286185,5298.202840266432,5638.789713050205,5747.4,5958.679201908088
2024-03-10,2024-03-11,1,6305.0,False,none,5857.911882386296,5694.8627410815525,5832.330323111634,5551.0,6432.382305335705
2024-03-10,2024-03-12,2,6431.0,False,none,5985.0488351386,5919.830784432455,5956.176038311186,5641.4,6371.030467722796
2024-03-10,2024-03-14,4,6530.0,False,none,6045.000501148523,6146.906513313704,6313.787889991168,5845.4,6380.489898293551
2024-03-10,2024-03-17,7,6786.0,False,none,6747.943307516175,6740.859631117394,6732.395984037077,6037.2,6372.666053357262
2024-03-10,2024-03-20,10,6544.0,False,none,6027.272284239648,6187.04411442046,6188.972613167632,5775.4,6060.38096773727
2024-03-10,2024-03-24,14,6371.0,False,none,6387.4430596118555,6387.4430596118555,6753.10120276507,6037.2,6049.19183231699
2024-03-24,2024-03-25,1,5569.0,False,none,6249.413765481545,5967.6501377664335,6097.97672247927,5888.0,6011.136967955581
2024-03-24,2024-03-26,2,5932.0,False,none,6257.188118124236,6459.693913488366,6252.176155115511,5898.2,6148.919093441805
2024-03-24,2024-03-28,4,6419.0,False,none,6585.460507938465,6649.701834862385,6600.6494888597645,6359.4,6016.703880280537
2024-03-24,2024-03-31,7,6298.0,True,Easter,6964.340484888741,7606.8794073605595,6964.340484888741,6301.6,5677.602924706288
2024-03-24,2024-04-03,10,5139.0,False,none,6508.267948657113,7026.682200567027,6449.0348100850915,6381.4,5729.566221413517
2024-03-24,2024-04-07,14,5643.0,False,none,6018.949366525236,7475.699481720909,6948.173638222718,6301.6,5937.66500245723
2024-04-07,2024-04-08,1,5920.0,False,none,5974.395733613096,5751.907498768942,5825.504109013339,5976.8,5823.563982695349
2024-04-07,2024-04-09,2,6257.0,False,none,6291.119813581937,6171.058885363407,5942.5490068722775,6003.8,5937.515908619984
2024-04-07,2024-04-11,4,7035.0,False,none,6319.424891363457,6823.341680248497,6330.3956325875815,6456.4,6178.909979917316
2024-04-07,2024-04-14,7,6540.0,False,none,6761.919865711304,6708.316813929072,6705.057316725961,6445.0,6292.335295934921
2024-04-07,2024-04-17,10,6646.0,False,none,6507.682272349068,6584.109424261686,6129.9056419748,6247.8,6393.5047965332615
2024-04-07,2024-04-21,14,6750.0,False,none,6858.084041196429,6728.947978117632,6696.4010508323545,6445.0,6253.73400118857
2024-04-21,2024-04-22,1,6666.0,False,none,6092.413589628967,5963.405293877353,5883.847268392466,6021.2,6067.440530743
2024-04-21,2024-04-23,2,6546.0,False,none,6372.243045771763,6232.862819469242,6021.479781988547,5846.2,6303.163071420927
2024-04-21,2024-04-25,4,6940.0,False,none,6845.260304228316,6845.260304228316,6343.3466246088,6617.2,6687.40988331699
2024-04-21,2024-04-28,7,6668.0,False,none,6826.7166147377575,6791.373534029353,6558.205721644208,6418.0,6441.914552594312
2024-04-21,2024-05-01,10,7710.0,True,Labour,8479.552456380592,7172.750018507746,8479.552456380592,6301.2,6966.153758652988
2024-04-21,2024-05-05,14,6202.0,True,Labour,6535.0090034049235,6796.339241945555,6304.615959201057,6418.0,6189.492695456907
2024-05-05,2024-05-06,1,5110.0,False,none,6289.167660989162,6188.067801855191,6320.722090325824,6059.4,6169.036882398698
2024-05-05,2024-05-07,2,5491.0,False,none,6372.872958958161,6577.113420199817,6384.896681830629,6013.2,5870.705052993871
2024-05-05,2024-05-09,4,6735.0,False,none,6767.115693236784,7267.591673532691,6775.774885042042,6699.2,6275.999160975618
2024-05-05,2024-05-12,7,6534.0,False,none,6344.941468886787,7255.767459894344,7079.394957293597,6394.4,6422.285215839378
2024-05-05,2024-05-15,10,6549.0,False,none,6618.647912620871,6635.448486034614,6618.647912620871,6335.4,6046.364801355699
2024-05-05,2024-05-19,14,7318.0,False,none,6953.7330730607855,7238.227046366582,7126.6921303025465,6394.4,6248.865875363773
2024-05-19,2024-05-20,1,6134.0,False,none,6102.094182996929,6102.094182996929,6160.0719505564,6062.4,6269.066080716498
2024-05-19,2024-05-21,2,6666.0,False,none,6298.208700440528,6385.223067703543,6312.397085203267,6197.0,6310.941985140966
2024-05-19,2024-05-23,4,7125.0,False,none,6903.452607178833,7166.619742299092,6681.635986424716,6869.0,6836.100674469803
2024-05-19,2024-05-26,7,6712.0,False,none,7361.613046935061,7110.203189240025,6981.037727978336,6762.0,6837.910889827846
2024-05-19,2024-05-29,10,6518.0,False,none,6543.259205412812,6895.082631189841,6518.976224288791,6621.2,6429.161259662798
2024-05-19,2024-06-02,14,6072.0,False,none,7358.155252668841,7137.663091151464,7018.926356119208,6762.0,6584.923473239226
2024-06-02,2024-06-03,1,6321.0,False,none,6112.28609723686,6112.28609723686,6100.1740804241035,6012.8,5678.241624160767
2024-06-02,2024-06-04,2,6010.0,False,none,6422.427057303554,6579.6369378726,6240.133327987383,6328.0,6195.139755112924
2024-06-02,2024-06-06,4,6178.0,False,none,6819.4923325623295,7038.345250459094,6581.2498741334575,6777.0,6311.368488918307
2024-06-02,2024-06-09,7,6978.0,True,DragonBoat,7056.616609447584,6236.737432844623,7056.616609447584,6660.8,6153.921752014402
2024-06-02,2024-06-12,10,5186.0,False,none,6154.382977232367,6379.468995078079,6456.042915291025,6477.4,6775.86597822904
2024-06-02,2024-06-16,14,6784.0,False,none,7068.9045403529435,7128.562239423024,7008.8892096095915,6660.8,6484.756485914856
2024-06-16,2024-06-17,1,6010.0,False,none,5891.772107199158,5889.284232948318,5965.624738972232,6026.6,6226.152784448506
2024-06-16,2024-06-18,2,6202.0,False,none,6000.36871179871,6000.36871179871,6078.559275383932,6218.2,6216.888475570231
2024-06-16,2024-06-20,4,6344.0,False,none,6555.556603709097,6656.718896490036,6389.855339958375,6493.2,6784.6247282333015
2024-06-16,2024-06-23,7,6357.0,False,none,6856.077706783981,6928.015498596323,6686.862008120459,6684.0,6870.88893875317
2024-06-16,2024-06-26,10,6393.0,False,none,6368.253382525938,6232.789244813304,6237.991066502647,6189.2,6619.717296862217
2024-06-16,2024-06-30,14,6513.0,False,none,7021.498887024702,7025.552647715683,6704.192851898818,6684.0,6702.382590319953
2024-06-30,2024-07-01,1,5942.0,False,none,5847.905506875169,5806.854650997868,5898.215572514353,6010.4,6112.441512559948
2024-06-30,2024-07-02,2,5751.0,False,none,5916.3843318812005,6115.193480389932,5969.519501069159,6341.0,6332.158117861094
2024-06-30,2024-07-04,4,6417.0,False,none,6563.547887230624,6490.316978404865,6320.093335555513,6250.0,6491.3249379692
2024-06-30,2024-07-07,7,6185.0,False,none,6852.101651388514,6831.047276532834,6593.269099697736,6487.6,6663.137365588905
2024-06-30,2024-07-10,10,6136.0,False,none,6412.459119444766,6226.674648108282,6150.680796615225,6041.6,6312.289406706813
2024-06-30,2024-07-14,14,7042.0,False,none,7150.521743268121,6923.222221299358,6572.73495318032,6487.6,6577.9972601588815
2024-07-14,2024-07-15,1,6140.0,False,none,6388.202607587378,6005.950592062667,5920.981294219155,5906.4,6081.569765581059
2024-07-14,2024-07-16,2,6563.0,False,none,6342.202223703686,6181.008061953159,6024.861817645807,6080.6,5964.706651892542
2024-07-14,2024-07-18,4,7407.0,False,none,6733.438147070709,6560.168815066489,6413.540632840292,6392.0,6263.955920000937
2024-07-14,2024-07-21,7,7312.0,False,none,7061.533074304577,6977.796295288417,6643.946116913069,6576.2,6589.7024169616
2024-07-14,2024-07-24,10,6588.0,False,none,6434.033015851184,6202.038511089957,6211.693094267329,5942.0,6296.118968168668
2024-07-14,2024-07-28,14,7350.0,False,none,7155.995751998144,7001.773227218155,6670.3184679080805,6576.2,6767.058052701175
2024-07-28,2024-07-29,1,6238.0,False,none,6557.4727188534125,6399.1630121670505,6267.424643724511,5995.8,6118.5479782799375
2024-07-28,2024-07-30,2,6232.0,False,none,6469.887157263105,6522.860927152318,6393.8943400264525,6290.6,6178.032673566295
2024-07-28,2024-08-01,4,6591.0,False,none,6685.815866563991,6986.308412033214,6748.291390728478,6785.4,6626.946339870616
2024-07-28,2024-08-04,7,7009.0,False,none,7210.052095006424,7348.154426084425,7003.4984018159075,6880.4,6873.7778904701945
2024-07-28,2024-08-07,10,7157.0,False,none,6592.342673022306,6775.530007220714,6610.955995635931,6434.8,6157.854070237498
2024-07-28,2024-08-11,14,7441.0,False,none,7214.331183181701,7373.403973509934,7028.820084436908,6880.4,6707.756344612176
2024-08-11,2024-08-12,1,6607.0,False,none,6614.834365226271,6628.0677277211435,6533.197271852099,6325.2,6219.228222425014
2024-08-11,2024-08-13,2,6613.0,False,none,6594.313039541673,6594.313039541673,6589.069964718048,6447.4,6199.45207045291
2024-08-11,2024-08-15,4,6969.0,False,none,6814.9242435289825,7173.261368425982,6989.684791448821,6942.4,6703.924559099513
2024-08-11,2024-08-18,7,7033.0,False,none,7493.19336822793,7566.232312253644,7284.511530744069,7230.8,7133.595268874702
2024-08-11,2024-08-21,10,6801.0,False,none,6524.445916522716,7017.897761578929,6780.843459318773,6650.0,6447.927725508858
2024-08-11,2024-08-25,14,6447.0,False,none,7049.302533503388,7496.669940610698,7321.422662328281,7230.8,6999.591323727152
2024-08-25,2024-08-26,1,6039.0,False,none,6346.19316653215,6465.863340441963,6352.945057966366,6531.4,6316.301878891897
2024-08-25,2024-08-27,2,6549.0,False,none,6068.980360505785,6453.447394849541,6448.316320944096,6431.0,6230.872711214916
2024-08-25,2024-08-29,4,5988.0,False,none,6571.923594296476,6820.130410101414,6840.373339529841,6846.0,6403.753206624742
2024-08-25,2024-09-01,7,5716.0,False,none,7128.902082588897,7274.516032155105,7128.902082588897,7056.0,6153.700248058108
2024-08-25,2024-09-04,10,6592.0,False,none,6867.660958558955,6655.719173353382,6635.993210365509,6677.2,6242.717041376938
2024-08-25,2024-09-08,14,6384.0,False,none,6898.717546097201,7165.024730169432,7165.024730169432,7056.0,6849.8870604105605
2024-09-08,2024-09-09,1,6238.0,False,none,6040.01556241549,6016.480308768444,6061.4593793750755,6227.6,6004.21559336751
2024-09-08,2024-09-10,2,7093.0,False,none,5914.35337909781,5988.838969404186,6135.499849133412,6283.0,5972.198749204879
2024-09-08,2024-09-12,4,6720.0,False,none,6660.322007635106,6333.831458174421,6422.0770098028,6504.8,6156.148992403921
2024-09-08,2024-09-15,7,6007.0,False,none,6365.075476761398,6525.173210185285,6715.105611476992,6604.2,6810.841127902728
2024-09-08,2024-09-18,10,4384.0,True,MidAutumn,5485.075538009725,6140.072369498307,6250.537541890158,6754.2,6464.341695911042
2024-09-08,2024-09-22,14,6922.0,False,none,6620.144755426492,6639.25856892344,6752.386114907217,6604.2,6663.318698916221
2024-09-22,2024-09-23,1,6439.0,False,none,5848.421102110726,5688.486991460913,5861.815083150225,6122.4,5993.245086127451
2024-09-22,2024-09-24,2,7099.0,False,none,6359.710663008104,5832.731177599789,5893.08597819255,6405.4,5698.742900886374
2024-09-22,2024-09-26,4,7085.0,False,none,6483.112526322507,6123.67577671129,6274.514648556771,6057.8,6045.9358284526
2024-09-22,2024-09-29,7,6440.0,False,none,6250.118136502335,5969.264921225767,6517.841749888941,6295.2,5959.807182479028
2024-09-22,2024-10-02,10,8012.0,True,GoldenWeek,8573.046844893332,8111.988374005728,8381.130337512053,6687.2,7415.011676165557
2024-09-22,2024-10-06,14,7318.0,True,GoldenWeek,6703.867844586676,6992.361272902604,6518.134946147473,6295.2,6503.16280329229
2024-10-06,2024-10-07,1,5565.0,True,GoldenWeek,5785.46505471962,7606.047298790067,7328.616123664709,6076.2,5949.50150619061
2024-10-06,2024-10-08,2,5113.0,False,none,6165.124084583477,6135.357390944366,6200.748277350718,6502.6,6112.651494022823
2024-10-06,2024-10-10,4,5671.0,False,none,6835.625812241372,6693.608004131929,6560.8565077063095,6147.2,6436.850032367358
2024-10-06,2024-10-13,7,6537.0,False,none,7056.085316606338,7078.062758405232,6763.065050324741,6293.8,6532.75630599554
2024-10-06,2024-10-16,10,6822.0,False,none,6574.6709618221275,6642.318707318004,6402.695524309171,6771.6,6385.139075054147
2024-10-06,2024-10-20,14,7127.0,False,none,7031.296253716812,7031.296253716812,6770.855928605178,6293.8,6789.727753950452
2024-10-20,2024-10-21,1,6594.0,False,none,6538.4361490997,6263.35833269298,6228.6860428074315,6169.8,6369.196825761681
2024-10-20,2024-10-22,2,6428.0,False,none,6462.963627178579,6462.963627178579,6269.898256988783,6339.4,6405.066051126523
2024-10-20,2024-10-24,4,6855.0,False,none,6760.22474128991,6760.22474128991,6642.607626459144,6293.2,6442.852726578912
2024-10-20,2024-10-27,7,6784.0,False,none,7126.309533592227,7147.380472755897,6881.646409603815,6606.6,6698.583889908946
2024-10-20,2024-10-30,10,6411.0,False,none,6520.786589799911,6613.90867102082,6611.52468408375,6535.8,6128.017949096228
2024-10-20,2024-11-03,14,6672.0,False,none,6922.088135532061,6922.088135532061,6889.852316719424,6606.6,6560.9850927130165
2024-11-03,2024-11-04,1,6839.0,False,none,6106.773964511022,6317.739772148368,6263.502855029051,6586.8,6376.828925030854
2024-11-03,2024-11-05,2,6925.0,False,none,6211.764432235241,6483.810936282315,6342.258380198576,6372.2,6521.8891314211
2024-11-03,2024-11-07,4,7277.0,False,none,6584.268857160552,6818.920209910049,6662.121412996802,6617.6,6552.81023335011
2024-11-03,2024-11-10,7,7381.0,False,none,6709.193262137494,6842.901896661359,6858.495913068428,6712.0,6954.664331016114
2024-11-03,2024-11-13,10,7501.0,False,none,6674.699827914262,6675.596919477814,6555.035689988477,6445.4,6334.989574184119
2024-11-03,2024-11-17,14,7082.0,False,none,6860.372612401904,6982.188978698325,6897.756557920591,6712.0,6786.764260426363
2024-11-17,2024-11-18,1,6478.0,False,none,6632.274711201045,6641.452172794401,6583.724188214463,6708.6,6485.340545003769
2024-11-17,2024-11-19,2,6778.0,False,none,6911.63637529743,6911.63637529743,6667.68475645127,6802.8,6591.165849508725
2024-11-17,2024-11-21,4,7221.0,False,none,7093.4122672362,7217.192824479377,7039.93932766086,6991.8,6967.045079413069
2024-11-17,2024-11-24,7,6855.0,False,none,7174.308158592122,7252.546463227701,7177.659440184291,7009.2,6964.580549001144
2024-11-17,2024-11-27,10,7047.0,False,none,7007.948131451551,7007.948131451551,6881.384641606902,6737.0,6858.15074850056
2024-11-17,2024-12-01,14,7442.0,False,none,6958.824690041328,7418.53638979375,7201.923065466341,7009.2,6917.871620128846
2024-12-01,2024-12-02,1,6216.0,False,none,6715.423655603099,6771.730891527471,6771.730891527471,6718.4,6810.553444067503
2024-12-01,2024-12-03,2,6972.0,False,none,6831.580344988345,6945.429008269501,6866.414636460976,6893.2,6618.288824974228
2024-12-01,2024-12-05,4,7047.0,False,none,7063.469159209847,7246.810134939698,7232.259914161149,7042.8,6832.581419174073
2024-12-01,2024-12-08,7,7250.0,False,none,7062.8809436975735,7351.526703887616,7354.960768270198,7086.4,7067.441738688416
2024-12-01,2024-12-11,10,6949.0,False,none,7116.984591857601,7176.4713176126725,7125.701036237566,6961.6,6843.805304175258
2024-12-01,2024-12-15,14,6969.0,False,none,7130.720399184871,7420.038318690607,7379.823749515363,7086.4,7014.235479306576
2024-12-15,2024-12-16,1,6340.0,False,none,6233.805950937878,6364.134520283064,6602.324535210965,6432.8,6518.205456831809
2024-12-15,2024-12-17,2,6517.0,False,none,6535.710806697108,6814.630468907225,6730.14478694985,6933.8,6572.297110610941
2024-12-15,2024-12-19,4,6387.0,False,none,7101.141818730586,7101.141818730586,7062.730954803951,7036.4,6694.6202152985
2024-12-15,2024-12-22,7,6395.0,True,Christmas,6757.670145015601,7104.267564231575,7468.213850637635,7119.6,7132.294376526373
2024-12-15,2024-12-25,10,7222.0,True,Christmas,8108.973182046579,7078.803837471784,7564.544172165358,7166.8,7279.149908564274
2024-12-15,2024-12-29,14,7179.0,False,none,7909.165126143707,7472.543999024727,7311.8022793533,7119.6,7159.963310713801
2024-12-29,2024-12-30,1,6325.0,False,none,6415.946394844822,6193.716839866464,6404.226968890945,6389.6,6503.114241493333
2024-12-29,2024-12-31,2,7011.0,False,none,6828.097777550713,6360.669793152995,6534.123046075388,6749.2,6755.376148651608
2024-12-29,2025-01-02,4,6686.0,False,none,6939.146223938224,6654.5721266380015,6855.40858653755,6843.8,6902.4906844595935
2024-12-29,2025-01-05,7,7555.0,False,none,7349.912713364623,7109.627392557049,7010.852627335958,7139.0,7257.914581525248
2024-12-29,2025-01-08,10,7363.0,False,none,6731.164962676963,6666.99440531294,6710.335337320807,7024.4,7082.405847808184
2024-12-29,2025-01-12,14,7507.0,False,none,7400.4996496564545,7017.379419064869,7017.379419064869,7139.0,7105.117816228618
2025-01-12,2025-01-13,1,6842.0,False,none,6661.106097770365,6566.6845505832125,6617.806376287195,6524.8,6789.57754635399
2025-01-12,2025-01-14,2,7028.0,False,none,7113.886805677238,6770.446913935091,6800.205350410186,6978.6,7155.682420474024
2025-01-12,2025-01-16,4,6883.0,False,none,7095.610239765862,7070.44419550734,7117.36057757338,6822.6,7184.223714946361
2025-01-12,2025-01-19,7,6955.0,False,none,7342.926115342764,7611.477951054261,7304.762374222437,7292.0,7173.019948873063
2025-01-12,2025-01-22,10,5976.0,True,CNY,5687.65015926737,6109.878780421196,4910.789050632911,7007.2,5645.549435429627
2025-01-12,2025-01-26,14,4576.0,True,CNY,5946.044945365136,6043.710440946471,6043.710440946471,7292.0,4523.677986742375
2025-01-26,2025-01-27,1,3619.0,True,CNY,5248.7071407363155,5798.729521126451,5798.729521126451,6622.0,3699.011450074295
2025-01-26,2025-01-28,2,3331.0,True,CNY,8440.920235262483,6634.190926509956,8908.530727379,6890.4,3359.964652766089
2025-01-26,2025-01-30,4,6264.0,True,CNY,8901.264317173482,8666.9555732086,8901.264317173482,6789.8,5657.488496547351
2025-01-26,2025-02-02,7,7727.0,True,CNY,8242.971857089902,8776.493772646028,8371.898057317832,7233.0,7914.174472423926
2025-01-26,2025-02-05,10,7150.0,True,CNY,8308.999667341488,9032.738095266042,7801.390730661091,7010.8,5909.882590381951
2025-01-26,2025-02-09,14,6525.0,False,none,7936.497840932869,7815.025296742314,7428.968586498122,7233.0,6688.522929848007
2025-02-09,2025-02-10,1,6163.0,False,none,6131.992720379147,6351.501891978561,6420.687166382369,6622.0,6357.7550417745
2025-02-09,2025-02-11,2,6140.0,False,none,6431.260842237586,6761.839752710858,6583.649788629669,6890.4,6622.865848355276
2025-02-09,2025-02-13,4,5995.0,False,none,7211.489629164048,7094.14421274504,6826.889497579828,6789.8,6749.825165834506
2025-02-09,2025-02-16,7,7109.0,False,none,7427.089743002428,7323.22057289711,7122.059406304145,7144.2,6227.814341211632
2025-02-09,2025-02-19,10,7607.0,False,none,6886.1778614772975,6832.6587432803335,6721.559448440148,7010.8,6306.425064067037
2025-02-09,2025-02-23,14,7736.0,False,none,7589.874869219501,7392.303486148895,7068.206618699579,7144.2,7179.427374777762
2025-02-23,2025-02-24,1,6807.0,False,none,6409.372941194436,6219.153533822901,6431.3490417923795,6706.8,6619.689124932342
2025-02-23,2025-02-25,2,6847.0,False,none,6800.584301981287,6529.703590130284,6669.7815587082005,6797.6,6532.383722806562
2025-02-23,2025-02-27,4,7481.0,False,none,7034.318542760737,7145.99174641185,6893.943747253284,6788.2,6663.833262438892
2025-02-23,2025-03-02,7,7022.0,False,none,7500.813253164879,7439.432326648948,7243.9537071575305,7166.4,7483.823673000463
2025-02-23,2025-03-05,10,7107.0,False,none,6782.802238612244,7174.1298475671565,6781.786506070265,6914.2,6974.488797031891
2025-02-23,2025-03-09,14,7348.0,False,none,7172.891993160901,7002.497845904201,7325.821780015164,7166.4,7431.520202544364
2025-03-09,2025-03-10,1,7111.0,False,none,6849.931603041065,6889.830255583697,6626.172157815149,6658.6,6793.550669320145
2025-03-09,2025-03-11,2,7133.0,False,none,7023.059380276331,7047.179102230191,6774.778880554858,6648.0,6775.511201618629
2025-03-09,2025-03-13,4,7111.0,False,none,6848.179702375325,7193.610747051113,7155.295115996711,6878.0,6959.43767370671
2025-03-09,2025-03-16,7,7107.0,False,none,7508.448549258598,7450.0307653658265,7398.678954321592,7148.0,7184.88414733536
2025-03-09,2025-03-19,10,7791.0,False,none,6983.280460101504,7383.872928065011,7057.478110130366,7000.6,6766.347854694303
2025-03-09,2025-03-23,14,6837.0,False,none,7207.223087931651,7643.6498425701075,7449.171937237593,7148.0,6889.096165903205
2025-03-23,2025-03-24,1,6832.0,False,none,6588.677257941153,7031.672594980428,6781.825012118274,6929.2,6507.309570463176
2025-03-23,2025-03-25,2,7046.0,False,none,6935.930451453952,7187.043072150623,6991.027042158465,7062.8,6611.938353812587
2025-03-23,2025-03-27,4,6936.0,False,none,7135.301659965444,7257.395605992285,7258.657434500919,7246.0,6974.200905266504
2025-03-23,2025-03-30,7,6660.0,False,none,7197.228154436129,7309.867255492763,7539.202245399164,7210.0,7095.792403953736
2025-03-23,2025-04-02,10,6218.0,False,none,6976.473173233912,7609.290590885462,7133.258779107569,7509.4,6634.839442532255
2025-03-23,2025-04-06,14,5644.0,False,none,7276.395032187856,7494.397367232012,7505.765630516373,7210.0,7008.412951168363
2025-04-06,2025-04-07,1,5625.0,False,none,6580.049407956385,6580.049407956385,6503.889474407735,6743.2,6577.636822270087
2025-04-06,2025-04-08,2,6425.0,False,none,6954.623166483631,7006.812326905993,6776.46121646809,6927.2,6640.289194622154
2025-04-06,2025-04-10,4,6538.0,False,none,7533.02723561193,7533.02723561193,6979.770061960353,6944.2,6877.571407734233
2025-04-06,2025-04-13,7,7177.0,False,none,7515.838988010503,7055.164167145668,7179.775517110538,6719.2,7002.584360933902
2025-04-06,2025-04-16,10,7242.0,False,none,7386.994656296981,7386.994656296981,6869.670184788599,7198.6,6984.149426399796
2025-04-06,2025-04-20,14,7872.0,True,Easter,6978.424099984087,7191.252316515701,7075.5976363148,6719.2,6790.57186932203
2025-04-20,2025-04-21,1,6681.0,True,Easter,6037.621470339154,6973.39947178019,6750.32379810724,6292.6,6597.863045352172
2025-04-20,2025-04-22,2,6165.0,False,none,6404.216546605545,6570.322650608249,6484.9101215082055,6706.6,6911.31941306543
2025-04-20,2025-04-24,4,6607.0,False,none,6725.774212326276,7010.483077511078,6701.267186768392,6811.2,7105.331692321862
2025-04-20,2025-04-27,7,7028.0,False,none,7077.466495932235,7011.127375139004,7010.071650644989,6685.0,6714.479628540031
2025-04-20,2025-04-30,10,6614.0,False,none,6984.915900428776,6743.281074847722,6625.803438888618,6990.8,7086.459551435386
2025-04-20,2025-05-04,14,7302.0,True,Labour,6936.308829066265,7900.298129369287,6936.308829066265,6685.0,7622.077196539007
2025-05-04,2025-05-05,1,6521.0,True,Labour,6571.660723654454,7655.543717816067,7357.800877011157,6247.6,6568.359001493103
2025-05-04,2025-05-06,2,5434.0,False,none,6321.817471785739,6439.711589133241,6380.294561731107,6282.0,6496.995411327763
2025-05-04,2025-05-08,4,5714.0,False,none,6730.042205105265,6973.976051488609,6653.949750267419,6611.2,6922.629346078856
2025-05-04,2025-05-11,7,6694.0,False,none,6974.616993942575,6974.616993942575,6953.576079671289,6669.2,7051.700086897179
2025-05-04,2025-05-14,10,6881.0,False,none,6582.387801820565,6599.096333678158,6582.387801820565,6542.2,6885.928259535751
2025-05-04,2025-05-18,14,7222.0,False,none,6915.637205893697,6915.637205893697,6844.223097753085,6669.2,7025.239830477591
2025-05-18,2025-05-19,1,6469.0,False,none,6123.625036971002,6238.394296605061,6179.612061093626,6117.0,6627.794345227872
2025-05-18,2025-05-20,2,6681.0,False,none,6594.749412183381,6594.749412183381,6260.961017135325,6195.8,6545.567511527584
2025-05-18,2025-05-22,4,6774.0,False,none,6579.031315389423,6843.538612574436,6526.329528132068,6435.6,6870.453671874523
2025-05-18,2025-05-25,7,7089.0,False,none,7036.758161534041,6856.9244783790045,6823.520190687619,6753.0,6902.813255513681
2025-05-18,2025-05-28,10,6669.0,False,none,6506.629248017807,6752.30153436979,6456.4972032764745,6508.2,6501.288648916246
2025-05-18,2025-06-01,14,7311.0,True,DragonBoat,6459.973979709405,6459.973979709405,6459.973979709405,6753.0,6492.960701316928
2025-06-01,2025-06-02,1,6179.0,False,none,6165.180470077102,6184.288731692051,6256.132591761857,6403.0,6480.71165221835
2025-06-01,2025-06-03,2,5962.0,False,none,6455.995729468725,6341.754003245964,6439.129769518005,6295.6,6206.8139554842965
2025-06-01,2025-06-05,4,6454.0,False,none,6580.8896133635335,6672.314737879461,6673.453474278525,6482.8,6244.180299869112
2025-06-01,2025-06-08,7,7052.0,False,none,6930.19758925839,6930.19758925839,6910.075260932931,7042.0,6966.079303024688
2025-06-01,2025-06-11,10,6588.0,False,none,6512.101221713209,6347.620626005548,6512.57814300018,6502.2,6224.273398313396
2025-06-01,2025-06-15,14,6851.0,False,none,6899.461930456414,7148.49345299671,6783.402847774807,7042.0,7070.280958103215
2025-06-15,2025-06-16,1,6444.0,False,none,6348.066437315407,6330.845694346256,6355.121599353295,6378.4,6295.008141044341
2025-06-15,2025-06-17,2,6698.0,False,none,6449.444175294741,6491.5280619276355,6533.095673267135,6496.0,6196.753302857121
2025-06-15,2025-06-19,4,6497.0,False,none,6855.527150496964,6855.527150496964,6753.150380746356,6452.4,6498.334553781736
2025-06-15,2025-06-22,7,7287.0,False,none,6822.644429047073,7136.217652311107,6997.612107896985,6981.6,6775.424500792067
2025-06-15,2025-06-25,10,6509.0,False,none,6555.32407596219,6652.195279323275,6635.352303993417,6633.2,6378.1537619159735
2025-06-15,2025-06-29,14,7202.0,False,none,7013.217699211835,7396.343759863122,6971.283164905243,6981.6,6840.830819112219
2025-06-29,2025-06-30,1,6761.0,False,none,6361.914116379006,6452.189159247081,6393.983414465202,6419.6,6372.791157842491
2025-06-29,2025-07-01,2,6493.0,False,none,6463.512999866756,6547.346975308242,6478.36028532203,6465.2,6515.400290397704
2025-06-29,2025-07-03,4,6522.0,False,none,6870.481804914857,6948.980007520742,6767.881710366836,6639.8,6692.113502760163
2025-06-29,2025-07-06,7,7041.0,False,none,7293.387595666536,7313.789313064053,7059.207633532907,7096.2,7072.211904835058
2025-06-29,2025-07-09,10,6707.0,False,none,6728.664906076333,6815.368332015267,6632.983146727216,6590.2,6773.986444301761
2025-06-29,2025-07-13,14,7413.0,False,none,7539.6498161462405,7412.478152223697,7110.133811197711,7096.2,7204.269942531818
2025-07-13,2025-07-14,1,7003.0,False,none,6548.516226021142,6548.516226021142,6471.829326099121,6527.8,6556.116892180844
2025-07-13,2025-07-15,2,6638.0,False,none,6951.637807625558,6568.61603027535,6568.323296646212,6521.2,6629.90924140984
2025-07-13,2025-07-17,4,7021.0,False,none,7245.310519904709,7045.478371238565,6812.87202663852,6638.0,6776.831519576078
2025-07-13,2025-07-20,7,5777.0,False,none,7627.188817144028,7454.706707878675,7126.448304375954,7158.8,7220.071716574786
2025-07-13,2025-07-23,10,7041.0,False,none,7075.368457457787,6810.195984853974,6696.447889657713,6684.6,6831.103947643029
2025-07-13,2025-07-27,14,8012.0,False,none,7818.499289861683,7588.689565853039,7185.76201548881,7158.8,7143.713140778248
2025-07-27,2025-07-28,1,7079.0,False,none,6815.358959513667,6815.358959513667,6650.317263484626,6679.0,6698.768830422595
2025-07-27,2025-07-29,2,7034.0,False,none,6729.599580829291,6779.392492637549,6708.530612031842,6590.2,6464.638760138494
2025-07-27,2025-07-31,4,6907.0,False,none,6963.754054762112,7082.687730035978,7008.026143389742,6775.0,6641.509490989557
2025-07-27,2025-08-03,7,7391.0,False,none,7789.651492448823,7613.495433896876,7278.244973464286,7089.0,7016.159316093151
2025-07-27,2025-08-06,10,6975.0,False,none,7033.278865158513,7170.409249641133,6895.104749414781,6783.2,6803.450734917389
2025-07-27,2025-08-10,14,7803.0,False,none,7632.8707392282695,7679.926106657371,7338.822094258045,7089.0,7138.619205588029
2025-08-10,2025-08-11,1,7130.0,False,none,6855.484607208038,6855.484607208038,6837.786885892798,6816.2,6703.87343406861
2025-08-10,2025-08-12,2,7381.0,False,none,6802.964163245342,6822.242399136737,6897.50035282842,6708.0,6838.679074440483
2025-08-10,2025-08-14,4,7249.0,False,none,7189.506620230442,7189.506620230442,7128.954538949073,6976.0,7038.046960024685
2025-08-10,2025-08-17,7,7464.0,False,none,7755.0497989404475,7769.826186035558,7466.723061491058,7279.2,6964.518724509794
2025-08-10,2025-08-20,10,7170.0,False,none,6889.037772470171,7016.19092038847,7116.737634810132,6905.4,6727.2636086112425
2025-08-10,2025-08-24,14,7245.0,False,none,7382.386508271022,7707.198234150778,7535.627952536788,7279.2,6793.095268135455
2025-08-24,2025-08-25,1,6606.0,False,none,6601.652621276016,6763.955474845306,6898.0570716289,6867.8,6561.223272941935
2025-08-24,2025-08-26,2,6928.0,False,none,6639.393376445038,6639.393376445038,6980.112839673913,6886.4,6610.63215881918
2025-08-24,2025-08-28,4,6880.0,False,none,7000.910083853564,7004.545466774281,7269.091440494638,7092.0,6852.099134516478
2025-08-24,2025-08-31,7,6751.0,False,none,7251.489838251437,7546.623346751006,7548.7512082282055,7583.0,6788.874502019574
2025-08-24,2025-09-03,10,6099.0,False,none,7025.649852031208,7093.857208610136,7176.0108307574565,7082.8,6299.443210408634
2025-08-24,2025-09-07,14,6196.0,False,none,7218.339171654682,7352.851873690149,7619.044190654288,7583.0,6833.208410896828
2025-09-07,2025-09-08,1,5837.0,False,none,6152.141915925886,6352.549533010645,6538.494761303765,6679.2,6305.472042232795
2025-09-07,2025-09-09,2,6930.0,False,none,6252.769110478783,6637.48545288104,6695.574730942457,6783.2,6472.264891533697
2025-09-07,2025-09-11,4,6968.0,False,none,6197.409085735495,6620.393906558735,6935.891350402946,6969.2,6606.526513828812
2025-09-07,2025-09-14,7,6503.0,False,none,6653.091889997504,6864.990459045905,7263.910828645626,7091.8,6618.75110491098
2025-09-07,2025-09-17,10,7028.0,False,none,7043.551460011177,6760.547888081786,6931.880559680664,6938.8,6342.255056681698
2025-09-07,2025-09-21,14,7094.0,False,none,6924.8753116684475,6924.8753116684475,7324.975400958024,7091.8,6852.890071316991
2025-09-21,2025-09-22,1,6292.0,False,none,6640.335148662206,6254.966066376736,6514.97755936913,6398.4,6660.941837899157
2025-09-21,2025-09-23,2,1295.0,False,none,6854.978216155572,6609.199054138796,6609.199054138796,6763.0,6890.9859572149935
2025-09-21,2025-09-25,4,6184.0,False,none,7153.422923855407,6856.447241173743,6864.833747891472,6925.4,6926.992056933848
2025-09-21,2025-09-28,7,6911.0,False,none,7062.84266832886,6755.086810219484,7145.605956653645,6757.8,6720.895306413892
2025-09-21,2025-10-01,10,8165.0,True,GoldenWeek,8786.878176809134,8518.444969837423,8786.878176809134,6966.8,8019.599670937182
2025-09-21,2025-10-05,14,7425.0,True,MidAutumn,6038.165836352253,6038.165836352253,6038.165836352253,6757.8,7512.891234706071
2025-10-05,2025-10-06,1,6625.0,True,MidAutumn,5340.490096298835,5340.490096298835,4934.38527178328,6336.8,6358.653358038566
2025-10-05,2025-10-07,2,6786.0,True,MidAutumn,5377.460162530562,5377.460162530562,6101.056991239379,5734.6,5528.678796143738
2025-10-05,2025-10-09,4,6156.0,False,none,6699.02723323503,6699.02723323503,6461.701939395044,6752.4,6526.3675222990005
2025-10-05,2025-10-12,7,7363.0,False,none,6675.6102330963795,6693.288676924501,6709.793068313884,6691.0,6986.939908556732
2025-10-05,2025-10-15,10,7258.0,False,none,6291.406120310871,6467.551792262983,6373.937213397524,5708.6,6668.023727141504
2025-10-05,2025-10-19,14,7329.0,False,none,6939.697494844566,6932.268666116733,6764.588903104649,6691.0,7263.98373277886
2025-10-19,2025-10-20,1,6662.0,False,none,6505.918163636627,6463.716504826518,6139.607617632744,6549.6,6787.415203194307
2025-10-19,2025-10-21,2,7106.0,False,none,6517.740013419817,6335.2691336196,6231.425384688299,5902.8,6606.598976155408
2025-10-19,2025-10-23,4,6697.0,False,none,6818.842025739241,6719.559696782799,6478.25828401521,6859.4,6896.083283575346
2025-10-19,2025-10-26,7,7128.0,False,none,7031.137768956652,7007.266346119149,6743.219527671471,7040.0,7372.29185189619
2025-10-19,2025-10-29,10,6900.0,False,none,6483.231822610327,6631.596615855954,6436.8042592183,5734.8,6895.575126145254
2025-10-19,2025-11-02,14,6696.0,False,none,6808.314726082227,6882.319107184331,6801.824188056689,7040.0,7092.660179086811
2025-11-02,2025-11-03,1,6228.0,False,none,6812.127011521633,6812.127011521633,6735.59718137672,6744.8,6662.2577118278205
2025-11-02,2025-11-04,2,6604.0,False,none,6937.657319944987,7022.98266111546,6846.043778138667,5985.4,6659.70120176879
2025-11-02,2025-11-06,4,6794.0,False,none,7069.904771711216,7337.330125925845,7084.432580018918,6750.6,6880.631465199177
2025-11-02,2025-11-09,7,7098.0,False,none,7156.683149304195,7299.309884624762,7393.089095388298,7085.4,7212.532133204117
2025-11-02,2025-11-12,10,6917.0,False,none,7119.8890714140625,7217.994236652463,7115.608417551737,5628.8,6983.323484492251
2025-11-02,2025-11-16,14,7269.0,False,none,7392.783390222526,7538.048821923671,7466.000369150089,7085.4,7114.387994904877
2025-11-16,2025-11-17,1,6707.0,False,none,6508.722380710462,6565.857597102033,6598.608011938148,6666.8,6561.103973928417
2025-11-16,2025-11-18,2,7043.0,False,none,6734.2749659670435,6742.994043067015,6644.061954235452,6920.4,6707.638545689695
2025-11-16,2025-11-20,4,6973.0,False,none,7170.634547425266,6912.929534693225,6928.614012525162,7017.6,6959.703182345284
2025-11-16,2025-11-23,7,7434.0,False,none,7128.026531504875,7100.488723531761,7207.119026842849,7104.0,7078.5248041828
2025-11-16,2025-11-26,10,6675.0,False,none,7001.539640774529,6958.293156641287,6911.016005106867,6976.4,6971.629119122378
2025-11-16,2025-11-30,14,6783.0,False,none,7134.662406922922,7134.662406922922,7228.639181442473,7104.0,7313.961830632837
2025-11-30,2025-12-01,1,6588.0,False,none,6480.774936035415,6424.101123595506,6577.092223559846,6523.8,6406.108457898538
2025-11-30,2025-12-02,2,6941.0,False,none,6612.20764675814,6617.780020244685,6679.826704131267,6767.4,6489.470815970798
2025-11-30,2025-12-04,4,6780.0,False,none,6908.3784209329315,6959.880929252855,6908.3784209329315,6958.2,6812.628501760281
2025-11-30,2025-12-07,7,7446.0,False,none,6835.271954424839,7087.129794246903,7099.938020267825,7056.0,7091.897900345691
2025-11-30,2025-12-10,10,7355.0,False,none,6776.986179620495,6944.52827697222,6843.448251958315,6925.2,6856.389348963668
2025-11-30,2025-12-14,14,7355.0,False,none,6900.925209972003,7094.231874929342,7100.34447738252,7056.0,6981.031834827616
2025-12-14,2025-12-15,1,6645.0,False,none,6402.734171067807,6626.9019209682,6736.544670388772,6606.6,6643.762043964441
2025-12-14,2025-12-16,2,6883.0,False,none,6600.381532217148,6873.162200052827,6832.272587982185,6815.8,6675.148885514473
2025-12-14,2025-12-18,4,7367.0,False,none,7180.206114237726,6973.676351180532,7066.840542950273,6983.6,6997.918160175251
2025-12-14,2025-12-21,7,7315.0,False,none,7174.564147305074,7174.564147305074,7284.439076865703,7257.4,6866.136103262446
2025-12-14,2025-12-24,10,7797.0,True,Christmas,7293.461543131183,7148.848457486833,7256.419284537288,7059.6,6824.435234605166
2025-12-14,2025-12-28,14,6980.0,True,Christmas,7467.146481416307,7250.036059005644,7370.850909360986,7257.4,7094.557293764156
2025-12-28,2025-12-29,1,6611.0,False,none,6743.576001373593,6730.700989821272,6773.609428262169,6670.2,6779.862928068116
2025-12-28,2025-12-30,2,6646.0,False,none,7369.0159543132795,7115.012348101991,6958.077256602286,6884.0,7015.879646388795
2025-12-28,2026-01-01,4,8575.0,True,NewYear,7830.874576271186,7830.874576271186,7830.874576271186,7080.8,7353.8128251098415
2025-12-28,2026-01-04,7,7185.0,False,none,7395.201265302142,7395.201265302142,7236.2132847277235,7266.6,6864.050328453913
2025-12-28,2026-01-07,10,7838.0,False,none,7189.530232407061,7189.530232407061,7098.973510653831,7124.4,6939.646715021093
2025-12-28,2026-01-11,14,7581.0,False,none,7864.061215447198,7864.061215447198,7400.050404921852,7266.6,7134.800401180499
2026-01-11,2026-01-12,1,7155.0,False,none,7049.161997933173,6878.059325640191,6878.059325640191,6734.4,7050.621462146359
2026-01-11,2026-01-13,2,7364.0,False,none,7334.632856892537,7334.632856892537,7090.052140520552,6979.2,7255.492714275431
2026-01-11,2026-01-15,4,7300.0,False,none,7370.7826989362875,7674.425504650361,7336.93876246305,7200.8,7431.411253871977
2026-01-11,2026-01-18,7,7561.0,False,none,7682.53264898381,7682.53264898381,7548.119175043424,7376.4,7152.30490550597
2026-01-11,2026-01-21,10,7520.0,False,none,7131.259646078819,7521.1445796212,7245.485038489545,7327.4,6795.752803422861
2026-01-11,2026-01-25,14,7586.0,False,none,7404.042540872674,7921.6946103245255,7533.492187396571,7376.4,6674.999146762833
2026-01-25,2026-01-26,1,7011.0,False,none,6895.121956445746,6892.426880313819,7013.691138804588,6849.6,6798.756348502427
2026-01-25,2026-01-27,2,7119.0,False,none,6883.403457419989,7248.846422457277,7200.9730584260005,7115.4,6942.688738709331
2026-01-25,2026-01-29,4,7280.0,False,none,7186.321236528782,7392.311996007592,7429.7178668121505,7390.2,7173.139010232152
2026-01-25,2026-02-01,7,7599.0,False,none,7601.568836157162,7601.568836157162,7706.573451062875,7445.6,7475.796621061174
2026-01-25,2026-02-04,10,7017.0,False,none,7221.437839500453,7616.25305474538,7337.107666701341,7465.8,7254.130918829946
2026-01-25,2026-02-08,14,7270.0,False,none,7681.928602974465,7681.928602974465,7681.928602974465,7445.6,7153.224318616654
2026-02-08,2026-02-09,1,6335.0,False,none,6788.402131127229,6788.402131127229,6904.471897768012,6974.2,7009.569498769264
2026-02-08,2026-02-10,2,6202.0,True,CNY,6127.52911567622,6127.52911567622,5963.768188684605,7190.2,5982.580135633882
2026-02-08,2026-02-12,4,5468.0,True,CNY,6271.437777180487,6096.768427344512,5909.47766119531,7357.4,6168.493800826511
2026-02-08,2026-02-15,7,3936.0,True,CNY,5699.424674102942,6425.172239856689,7743.9535071687305,7519.4,4486.60703436208
2026-02-08,2026-02-18,10,6585.0,True,CNY,6897.752123305586,7887.72086753703,8786.755999299352,7455.0,6781.1086733092125
2026-02-08,2026-02-22,14,7699.0,True,CNY,7864.746504354426,7864.746504354426,7736.313115424545,7519.4,8312.1199644567
2026-02-22,2026-02-23,1,7073.0,True,CNY,7743.151320372657,7743.151320372657,7366.931270195717,6850.0,7495.031051042528
2026-02-22,2026-02-24,2,6813.0,True,CNY,8379.510478880218,7722.59355818241,7463.642105263159,7190.2,7022.143084924361
2026-02-22,2026-02-26,4,7120.0,True,CNY,7461.070537491706,7401.69070862631,7461.070537491706,7357.4,7358.684149850038
2026-02-22,2026-03-01,7,7091.0,False,none,7532.717061040525,7532.717061040525,7430.532486753952,7519.4,7025.459230253135
2026-02-22,2026-03-04,10,5808.0,False,none,7839.615817087937,7825.046008891877,7182.890322988833,7455.0,6482.007958194139
2026-02-22,2026-03-08,14,7092.0,False,none,8127.755320743406,7992.027127415382,7449.054906114164,7519.4,7555.320733140316
2026-03-08,2026-03-09,1,6789.0,False,none,6524.396078393623,6524.396078393623,6207.9939923402335,6670.0,6795.353894943889
2026-03-08,2026-03-10,2,6851.0,False,none,6667.14381042654,6562.7354118938065,6391.847748025665,6867.4,6683.416901573335
2026-03-08,2026-03-12,4,6995.0,False,none,6622.169074602936,6699.100917431192,6588.82891212422,7062.6,7159.815408488299
2026-03-08,2026-03-15,7,7248.0,False,none,6992.295848846515,6730.469995957107,6810.712330688467,7327.6,7305.707339366518
2026-03-08,2026-03-18,10,7236.0,False,none,7142.782683467703,6943.263336646937,6608.6599938284635,7049.0,6734.975643213073
2026-03-08,2026-03-22,14,6941.0,False,none,6875.097457164684,6711.777506210837,6786.952054840597,7327.6,7228.810257949544
2026-03-22,2026-03-23,1,6779.0,False,none,6674.7130170031605,6674.7130170031605,6604.13683995559,6570.4,6619.383432106288
2026-03-22,2026-03-24,2,6916.0,False,none,6833.128201546814,6974.853522765146,6747.728999081406,6721.6,6601.362005533666
2026-03-22,2026-03-26,4,6924.0,False,none,7191.845665488691,7191.845665488691,6938.18034168618,6951.6,6817.950969115415
2026-03-22,2026-03-29,7,7101.0,False,none,6868.706180507219,7014.259356702338,7151.313521226884,7128.4,6899.893452496826
2026-03-22,2026-04-01,10,6286.0,False,none,6489.427580688183,7214.578296083021,6981.0055377023255,6882.8,6531.635770781542
2026-03-22,2026-04-05,14,7075.0,True,Easter,7176.81725353119,7842.192812312281,6790.0033785645055,7128.4,7310.820936243989
2026-04-05,2026-04-06,1,6349.0,True,Easter,6905.210068227144,7070.428918610612,6905.210068227144,6577.4,6234.391253163611
2026-04-05,2026-04-07,2,6310.0,False,none,6404.883230109575,6404.883230109575,6733.407701370522,6528.6,6195.753838712471
2026-04-05,2026-04-09,4,6709.0,False,none,6959.126057467488,6992.3104906757635,6922.8857737229255,6727.4,6529.324284264131
2026-04-05,2026-04-12,7,7188.0,False,none,7246.416306007004,7154.5287070033355,7156.018790574658,7094.6,7003.371331431791
2026-04-05,2026-04-15,10,7167.0,False,none,7149.151078107894,7219.325191043355,6871.187026942682,6647.2,6894.896998047287
2026-04-05,2026-04-19,14,7374.0,False,none,7035.997425797067,7074.989320910185,7180.669567770347,7094.6,7228.629145664656
2026-04-19,2026-04-20,1,6813.0,False,none,6674.843715101504,6674.843715101504,6565.92789675589,6655.4,6590.417345321427
2026-04-19,2026-04-21,2,7027.0,False,none,7111.79726450813,6943.51233703036,6705.836971106539,6680.2,6492.326059479955
2026-04-19,2026-04-23,4,7310.0,False,none,7153.985995327752,7153.985995327752,6887.527642626346,6874.8,6796.162902475946
2026-04-19,2026-04-26,7,6881.0,False,none,7407.117766013316,7112.162523820867,7207.735109084103,7170.4,7147.884614104911
2026-04-19,2026-04-29,10,6408.0,False,none,6908.593278656147,7019.141635099049,6902.604426859174,6863.0,6819.33961989238
2026-04-19,2026-05-03,14,7780.0,True,Labour,7504.362732702241,8258.32245975418,7191.946283014699,7170.4,7568.253150155771
2026-05-03,2026-05-04,1,7153.0,True,Labour,7695.076116634622,7780.0,6819.917009898483,6575.0,7138.257616352046
2026-05-03,2026-05-05,2,6694.0,True,Labour,6872.033875181371,7780.0,6872.033875181371,6614.0,6662.123039375019
2026-05-03,2026-05-07,4,6236.0,False,none,7005.137690576027,7011.752418124737,7003.919933363396,6924.8,6560.798947466659
2026-05-03,2026-05-10,7,6714.0,False,none,6796.075674866186,7275.884043665762,7203.332218782561,7097.0,6953.056264588234
2026-05-03,2026-05-13,10,6671.0,False,none,6811.677317829607,6884.118775553498,6916.6172338239885,6726.2,6591.293930050286
2026-05-03,2026-05-17,14,7158.0,False,none,7232.644044588444,7255.821070414435,7228.145979448703,7097.0,7026.417986277722
