,gain,share
rolling_max_28,68366310632.80789,0.16441031088509012
same_dow_mean_8w,67464555019.78784,0.16224172932340125
rolling_max_14,40163507585.40625,0.09658696962336157
lag_2,35025876743.80078,0.08423176899804313
holiday_yoy_lag,23408407614.0,0.05629356824318347
rolling_mean_14,20494000519.503906,0.04928487387286192
rolling_mean_28,19510760195.998047,0.04692033429531187
ewma_28,16663307428.398438,0.04007265463528054
lag_35,11340442057.52002,0.027271993866471434
mainland_block_pos_norm,7087845336.358398,0.017045162222003897
holiday_yoy_lift,6540592338.296875,0.015729104141477383
same_holiday_lastyear_lag,6415331613.8984375,0.015427871641881946
mainland_block_length,5284493779.640137,0.012708383078434315
days_from_last_holiday,4857700392.001953,0.011682011567440106
ewma_14,4485405377.099609,0.01078670014029853
doy_sin,3802925750.2402344,0.009145443114929019
day,3456110023.4208984,0.008311405400469664
lag_42,3384915818.8799286,0.008140194445930008
CNY_x_recent,3183576037.203125,0.007656003683072986
days_to_next_holiday,2943669553.572754,0.007079066019011149
lag_56,2876962344.451233,0.0069186455884155725
yoy_anchor_diff,2813720321.7462463,0.006766558390529848
dow_cos,2802292841.3842773,0.006739077083120479
mainland_block_day_index,2598456583.147461,0.0062488826836250315
lag_91,2354261897.0029297,0.0056616325615416125
lag_21,2270206349.3984375,0.005459492083499796
rolling_std_28,2231543366.1557617,0.005366513640816026
dow,2089081586.5898438,0.005023915287169664
lag_365,2026749149.6816406,0.004874015501215951
day_of_year,1906853584.7524567,0.004585685373097393
rolling_max_7,1742153794.59375,0.004189608073444082
doy_cos,1548902880.4980469,0.0037248697751329344
mainland_is_last_block_day,1510318462.0,0.003632080268402699
same_dow_mean_4w,1466668755.5019531,0.00352710953429462
rolling_std_14,1441631619.09375,0.0034668991274079022
month_sin,1426162576.0,0.0034296984921740065
rolling_min_28,1316335520.0,0.0031655815571892325
rolling_max_3,1260894453.3046875,0.0030322544414386984
rolling_min_14,1259612297.2558594,0.0030291710561771586
lag_728,1251131037.4798584,0.0030087749496217116
year,1182870280.0986328,0.0028446184778387605
yoy_ratio,1059836844.0383301,0.0025487422592056002
woy_sin,1051515692.0,0.0025287311867800036
trend_7_vs_28,1037499584.2011719,0.0024950246342503365
rolling_min_3,1023378044.1015625,0.0024610645334863374
trend_diff_7_28,870752154.1435547,0.0020940230801031884
lag_14,838039824.7988281,0.002015355031651251
lag_anchor_56,781944555.3007812,0.0018804546602257523
rolling_std_7,758361325.7050781,0.0018237406723914673
rolling_mean_7,691084704.5,0.0016619508945719024
lag_anchor_7_zscore,633392978.0222168,0.0015232112931817673
rolling_std_3,630219463.8969727,0.001515579486827144
rolling_min_7,626070229.703125,0.0015056012259347365
CNY_dm1,625711595.0,0.0015047387654262025
ewma_3,620134621.4023438,0.0014913270140167504
lag_anchor_7,620052041.6044312,0.001491128422486478
same_dow_vs_overall,591628790.6098633,0.0014227749383050555
woy_cos,586750651.703125,0.0014110437752983946
lag_182,524284378.1923828,0.0012608221331961258
lag_28,516551930.85546875,0.0012422268037305256
lag_anchor_21,507796518.703125,0.001221171403481925
rolling_mean_3,487509556.19921875,0.0011723844237354884
floortables,477148379.3027344,0.001147467409801012
lag_anchor_91,408852851.79785156,0.0009832273212953347
is_MidAutumn,387783421.0,0.0009325586273789434
lag_7,385354143.0,0.0009267165927933496
lag_anchor_7_per_table,381606808.5192871,0.0009177048380085482
ewma_7,380190734.33984375,0.0009142994005361492
lag_anchor_365,360409740.09375,0.0008667291955109891
is_friday,345529775.7988281,0.000830945202883001
lag_10,343435450.80078125,0.0008259086780093293
lag_anchor_14,271838242.3984375,0.0006537285620578177
is_CNY,264785850.0,0.0006367686586203148
week_of_year,259083401.0078125,0.0006230551584630895
lag_anchor_14_per_table,224751926.49609375,0.0005404933184958682
lag_5,202475092.49609375,0.0004869210082516183
MidAutumn_x_recent,180760764.0,0.000434701435984828
mainland_is_workday,167199448.0,0.0004020885867768881
is_Easter,165619782.6015625,0.00039828973794553256
Labour_dp0,164369762.0,0.0003952836334210472
GoldenWeek_x_recent,156965137.0,0.00037747666553044257
lag_9,138284123.79296875,0.0003325517432904147
dow_sin,136784289.49609375,0.00032894487580344806
month,124565899.0,0.00029956155291554896
lag_4,119771900.0,0.00028803273325748514
lag_anchor_182,116229934.5,0.0002795148588306061
lag_8,114687931.10351562,0.00027580658123810135
CNY_dp1,114644938.0,0.0002757031895317259
lag_anchor_28,114095311.3984375,0.00027438142330509787
week_of_month,110009307.0,0.00026455522020583954
is_month_start,102902623.0,0.00024746475393689634
regime,90016753.0,0.00021647624697908213
lag_6,81553490.19140625,0.00019612342032244832
CNY_dp6,74919074.0,0.00018016868445219447
month_cos,74424238.6015625,0.000178978682520819
Labour_x_recent,53743311.0,0.00012924427817908096
Labour_dp1,42695894.0,0.00010267696385956857
holiday_dow3,32823453.8984375,7.89352856664878e-05
holiday_dow0,30118472.0,7.243022621916356e-05
is_GoldenWeek,29700363.1015625,7.142473954978426e-05
is_saturday,28479880.0,6.848966810449852e-05
GoldenWeek_dp6,24969693.0,6.0048216012188956e-05
CNY_dm2,23609596.0,5.677739492305781e-05
lag_3,18478335.0,4.4437512773008125e-05
Labour_dow3,16819361.0,4.0447939128245846e-05
CNY_dp3,15775429.6015625,3.793744698421823e-05
is_Labour,14428581.0,3.4698486226377126e-05
GoldenWeek_dp1,14280645.0,3.4342723226648644e-05
CNY_dp2,12245277.0,2.94479807350891e-05
Labour_dp4,11978794.0,2.880713069550006e-05
is_Christmas,7857937.0,1.8897112527021137e-05
GoldenWeek_dp5,7437347.0,1.7885659195473708e-05
CNY_dm3,6734955.0,1.61965160193348e-05
is_ChingMing,6573400.0,1.5808001449377966e-05
is_DragonBoat,6346045.0,1.5261248145224358e-05
is_weekend,6099316.80078125,1.466790531946411e-05
quarter,5143730.0,1.236986814969558e-05
holiday_dow5,5045422.0,1.2133452747242444e-05
CNY_dow1,4286392.703125,1.0308105708401e-05
holiday_dow4,4107101.0,9.876937134624653e-06
mainland_is_first_block_day,3710864.0,8.924048968637923e-06
holiday_dow6,3358271.0,8.076117813521768e-06
holiday_dow1,2064593.6015625,4.965025503677926e-06
CNY_dow2,1755950.0,4.222785795027724e-06
Labour_dp2,1398226.0,3.3625153854258003e-06
is_sunday,1255696.0,3.019752972278899e-06
CNY_dp0,1131639.0,2.721415242062347e-06
holiday_dow2,668102.0,1.6066810759017126e-06
CNY_dow5,582055.0,1.3997514655456374e-06
DragonBoat_dp1,550164.0,1.3230585860278667e-06
Labour_dow2,317550.0,7.636582073584406e-07
CNY_dow6,315024.0,7.575835714529535e-07
is_month_end,272253.0,6.54725989381066e-07
Labour_dp3,122378.0,2.94299997166151e-07
MidAutumn_dow4,0.0,0.0
CNY_dp4,0.0,0.0
CNY_dp5,0.0,0.0
MidAutumn_dow5,0.0,0.0
Labour_dow4,0.0,0.0
is_NewYear,0.0,0.0
CNY_dm4,0.0,0.0
CNY_dm5,0.0,0.0
CNY_dm6,0.0,0.0
CNY_dm7,0.0,0.0
CNY_dp7,0.0,0.0
MidAutumn_dow6,0.0,0.0
MidAutumn_dow3,0.0,0.0
MidAutumn_dow1,0.0,0.0
CNY_dp8,0.0,0.0
CNY_dp9,0.0,0.0
Labour_dow1,0.0,0.0
Labour_dow0,0.0,0.0
GoldenWeek_dow6,0.0,0.0
GoldenWeek_dow5,0.0,0.0
GoldenWeek_dow4,0.0,0.0
GoldenWeek_dow3,0.0,0.0
GoldenWeek_dow2,0.0,0.0
GoldenWeek_dow1,0.0,0.0
GoldenWeek_dow0,0.0,0.0
CNY_dow4,0.0,0.0
CNY_dow3,0.0,0.0
CNY_dow0,0.0,0.0
DragonBoat_dp0,0.0,0.0
DragonBoat_dm1,0.0,0.0
DragonBoat_dm2,0.0,0.0
Labour_dow6,0.0,0.0
MidAutumn_dow0,0.0,0.0
GoldenWeek_dp4,0.0,0.0
GoldenWeek_dp3,0.0,0.0
GoldenWeek_dp2,0.0,0.0
Labour_dow5,0.0,0.0
GoldenWeek_dp0,0.0,0.0
CNY_dp10,0.0,0.0
MidAutumn_dow2,0.0,0.0
