origin,target,horizon,pred,actual,variant
2016-12-28,2016-12-29,1,3974.2059689582748,3736.0,off
2016-12-28,2016-12-30,2,4051.5819553834735,4127.0,off
2016-12-28,2016-12-31,3,4388.725659392039,4749.0,off
2016-12-28,2017-01-01,4,4286.6376530267,4654.0,off
2016-12-28,2017-01-02,5,3869.6128693355995,4449.0,off
2016-12-28,2017-01-03,6,3591.186849570184,3658.0,off
2016-12-28,2017-01-04,7,3712.88169881682,3995.0,off
2017-01-04,2017-01-05,1,3739.7227913107886,3985.0,off
2017-01-04,2017-01-06,2,3894.445939768664,4301.0,off
2017-01-04,2017-01-07,3,4337.973064954493,4691.0,off
2017-01-04,2017-01-08,4,3867.672472323188,4233.0,off
2017-01-04,2017-01-09,5,3640.668715846297,3909.0,off
2017-01-04,2017-01-10,6,3793.1646812902986,3815.0,off
2017-01-04,2017-01-11,7,3795.18802427448,3792.0,off
2017-01-25,2017-01-26,1,1980.8987669647415,2098.0,off
2017-01-25,2017-01-27,2,2234.8902729583524,1996.0,off
2017-01-25,2017-01-28,3,3814.128095615562,2949.0,off
2017-01-25,2017-01-29,4,3832.659934453759,3622.0,off
2017-01-25,2017-01-30,5,4181.513462703008,4184.0,off
2017-01-25,2017-01-31,6,4649.15053191885,4624.0,off
2017-01-25,2017-02-01,7,4567.391670485274,4877.0,off
2017-02-01,2017-02-02,1,4296.894118239433,4501.0,off
2017-02-01,2017-02-03,2,4238.165983562821,4511.0,off
2017-02-01,2017-02-04,3,4890.907256606237,4622.0,off
2017-02-01,2017-02-05,4,4649.337484784422,4385.0,off
2017-02-01,2017-02-06,5,3892.0368641324667,4460.0,off
2017-02-01,2017-02-07,6,3901.0432062080704,4297.0,off
2017-02-01,2017-02-08,7,3512.28307150727,4243.0,off
2017-02-08,2017-02-09,1,3873.736836966405,4403.0,off
2017-02-08,2017-02-10,2,4043.5774451542475,4253.0,off
2017-02-08,2017-02-11,3,4228.172837223991,3870.0,off
2017-02-08,2017-02-12,4,4028.9026105874195,3634.0,off
2017-02-08,2017-02-13,5,3874.5341830060706,3717.0,off
2017-02-08,2017-02-14,6,3969.903689148827,3869.0,off
2017-02-08,2017-02-15,7,3837.8793923385188,4162.0,off
2017-02-15,2017-02-16,1,3895.6910091028976,4484.0,off
2017-02-15,2017-02-17,2,4096.989340672732,4488.0,off
2017-02-15,2017-02-18,3,4345.090972258419,5000.0,off
2017-02-15,2017-02-19,4,3995.415461090611,4535.0,off
2017-02-15,2017-02-20,5,3754.5163394807223,3766.0,off
2017-02-15,2017-02-21,6,3846.44394954078,3533.0,off
2017-02-15,2017-02-22,7,3859.828631971702,3527.0,off
2017-02-22,2017-02-23,1,3734.885938624432,3781.0,off
2017-02-22,2017-02-24,2,3778.791545743877,4114.0,off
2017-02-22,2017-02-25,3,4415.814361586509,4549.0,off
2017-02-22,2017-02-26,4,3979.3079527478462,3995.0,off
2017-02-22,2017-02-27,5,3749.393006276714,3604.0,off
2017-02-22,2017-02-28,6,3779.269791599174,3675.0,off
2017-02-22,2017-03-01,7,3820.003323049406,3684.0,off
2017-03-22,2017-03-23,1,3988.8110914053045,4208.0,off
2017-03-22,2017-03-24,2,4360.786367119984,4478.0,off
2017-03-22,2017-03-25,3,4660.556018318524,4915.0,off
2017-03-22,2017-03-26,4,4289.177071516105,4303.0,off
2017-03-22,2017-03-27,5,3728.922649656863,3757.0,off
2017-03-22,2017-03-28,6,3625.8970424257027,3925.0,off
2017-03-22,2017-03-29,7,3736.3680154896765,3756.0,off
2017-03-29,2017-03-30,1,3904.894912498732,4260.0,off
2017-03-29,2017-03-31,2,4459.442987648386,4020.0,off
2017-03-29,2017-04-01,3,4437.498983867723,4251.0,off
2017-03-29,2017-04-02,4,4477.413983095116,4254.0,off
2017-03-29,2017-04-03,5,4242.171422450552,4083.0,off
2017-03-29,2017-04-04,6,3838.964567641734,3688.0,off
2017-03-29,2017-04-05,7,3759.130853644302,3153.0,off
2017-04-05,2017-04-06,1,3649.744633936284,3545.0,off
2017-04-05,2017-04-07,2,4166.634660514685,3737.0,off
2017-04-05,2017-04-08,3,4675.916120323746,4314.0,off
2017-04-05,2017-04-09,4,4303.693248148692,4073.0,off
2017-04-05,2017-04-10,5,3533.4384164122507,3622.0,off
2017-04-05,2017-04-11,6,3637.6672243250987,3716.0,off
2017-04-05,2017-04-12,7,3634.9261643803343,4151.0,off
2017-05-03,2017-05-04,1,4080.466337782356,4252.0,off
2017-05-03,2017-05-05,2,4093.8874743891633,3948.0,off
2017-05-03,2017-05-06,3,4578.6946865691525,4525.0,off
2017-05-03,2017-05-07,4,4368.133973176376,4075.0,off
2017-05-03,2017-05-08,5,4041.1574169132396,3725.0,off
2017-05-03,2017-05-09,6,3830.522553802338,4129.0,off
2017-05-03,2017-05-10,7,3762.1424586469834,4162.0,off
2017-05-10,2017-05-11,1,4047.906039549643,4178.0,off
2017-05-10,2017-05-12,2,4071.234310427709,4126.0,off
2017-05-10,2017-05-13,3,4670.984261297123,4423.0,off
2017-05-10,2017-05-14,4,4256.536505567387,3796.0,off
2017-05-10,2017-05-15,5,3808.6306170572993,3700.0,off
2017-05-10,2017-05-16,6,3913.994337618738,3699.0,off
2017-05-10,2017-05-17,7,3942.612981366548,4030.0,off
2017-06-07,2017-06-08,1,3993.0297919584095,3823.0,off
2017-06-07,2017-06-09,2,4076.5788144361236,3999.0,off
2017-06-07,2017-06-10,3,4450.824289983949,4536.0,off
2017-06-07,2017-06-11,4,4107.868097162939,4385.0,off
2017-06-07,2017-06-12,5,3807.8782409752384,3636.0,off
2017-06-07,2017-06-13,6,3805.4523676384565,3911.0,off
2017-06-07,2017-06-14,7,3725.7981355585307,4119.0,off
2017-06-14,2017-06-15,1,3926.55692377095,3852.0,off
2017-06-14,2017-06-16,2,4104.835304908667,3884.0,off
2017-06-14,2017-06-17,3,4543.591067602534,4188.0,off
2017-06-14,2017-06-18,4,4144.221386512156,3728.0,off
2017-06-14,2017-06-19,5,3822.539102597027,3493.0,off
2017-06-14,2017-06-20,6,3814.202695250874,3608.0,off
2017-06-14,2017-06-21,7,3803.266835522405,4103.0,off
2017-06-15,2017-06-16,1,4108.563996128872,3884.0,off
2017-06-15,2017-06-17,2,4540.147300421831,4188.0,off
2017-06-15,2017-06-18,3,4185.126735053022,3728.0,off
2017-06-15,2017-06-19,4,3729.094723227675,3493.0,off
2017-06-15,2017-06-20,5,3706.170538079733,3608.0,off
2017-06-15,2017-06-21,6,3905.8167853873733,4103.0,off
2017-06-15,2017-06-22,7,3890.093527203742,3880.0,off
2017-07-13,2017-07-14,1,4059.2622005624744,4137.0,off
2017-07-13,2017-07-15,2,4602.961200688674,4315.0,off
2017-07-13,2017-07-16,3,4268.108197847261,4304.0,off
2017-07-13,2017-07-17,4,3677.665543933456,3551.0,off
2017-07-13,2017-07-18,5,3715.1511161189187,3594.0,off
2017-07-13,2017-07-19,6,3852.1187146533216,3834.0,off
2017-07-13,2017-07-20,7,3823.308470491399,3984.0,off
2017-09-13,2017-09-14,1,4042.8129034325475,4543.0,off
2017-09-13,2017-09-15,2,4082.6365560812255,4289.0,off
2017-09-13,2017-09-16,3,4365.228319040363,4835.0,off
2017-09-13,2017-09-17,4,4071.4642936246023,4501.0,off
2017-09-13,2017-09-18,5,3847.3758847033637,3833.0,off
2017-09-13,2017-09-19,6,3957.527296778935,3766.0,off
2017-09-13,2017-09-20,7,3944.0702805591586,4029.0,off
2017-09-20,2017-09-21,1,4029.127505527962,4241.0,off
2017-09-20,2017-09-22,2,4113.354057371575,4113.0,off
2017-09-20,2017-09-23,3,4262.147553469112,4610.0,off
2017-09-20,2017-09-24,4,3981.9177080786817,4053.0,off
2017-09-20,2017-09-25,5,3595.961841424011,3915.0,off
2017-09-20,2017-09-26,6,3745.8001318034894,3730.0,off
2017-09-20,2017-09-27,7,3893.3371209585816,3984.0,off
2017-10-04,2017-10-05,1,4104.0038357972335,4058.0,off
2017-10-04,2017-10-06,2,4280.941602561062,4567.0,off
2017-10-04,2017-10-07,3,4134.709258684938,4170.0,off
2017-10-04,2017-10-08,4,3666.74456412035,3329.0,off
2017-10-04,2017-10-09,5,3415.113694337764,3083.0,off
2017-10-04,2017-10-10,6,3489.7559419344,3156.0,off
2017-10-04,2017-10-11,7,3561.4122587052025,3490.0,off
2017-10-11,2017-10-12,1,3784.408947942615,3910.0,off
2017-10-11,2017-10-13,2,4018.3657116254844,4452.0,off
2017-10-11,2017-10-14,3,4343.022005106436,4671.0,off
2017-10-11,2017-10-15,4,3950.2356546809615,3835.0,off
2017-10-11,2017-10-16,5,3542.4272763967824,4086.0,off
2017-10-11,2017-10-17,6,3739.0879905391985,4105.0,off
2017-10-11,2017-10-18,7,3745.0524301062383,3793.0,off
2017-12-20,2017-12-21,1,4068.62813635674,4043.0,off
2017-12-20,2017-12-22,2,4194.417731487199,3480.0,off
2017-12-20,2017-12-23,3,4513.021438863313,4409.0,off
2017-12-20,2017-12-24,4,4120.276659190635,4625.0,off
2017-12-20,2017-12-25,5,4000.4665210022986,4103.0,off
2017-12-20,2017-12-26,6,4010.3346203696997,3745.0,off
2017-12-20,2017-12-27,7,4012.74719540464,3850.0,off
2017-12-27,2017-12-28,1,4018.781346361192,4052.0,off
2017-12-27,2017-12-29,2,4088.273091283234,4251.0,off
2017-12-27,2017-12-30,3,4652.833098646789,4365.0,off
2017-12-27,2017-12-31,4,4451.996505998035,4582.0,off
2017-12-27,2018-01-01,5,4354.549121528051,4042.0,off
2017-12-27,2018-01-02,6,3807.0521889026977,3592.0,off
2017-12-27,2018-01-03,7,3905.8107586262163,3560.0,off
2018-01-03,2018-01-04,1,3929.981907408126,3829.0,off
2018-01-03,2018-01-05,2,4121.978070017595,4354.0,off
2018-01-03,2018-01-06,3,4589.396758539448,4511.0,off
2018-01-03,2018-01-07,4,4202.395337176761,3923.0,off
2018-01-03,2018-01-08,5,3650.288361270063,3787.0,off
2018-01-03,2018-01-09,6,3756.18102845425,3517.0,off
2018-01-03,2018-01-10,7,3784.5484809780096,3840.0,off
2018-01-17,2018-01-18,1,4020.966413482608,4056.0,off
2018-01-17,2018-01-19,2,4062.353942634765,4252.0,off
2018-01-17,2018-01-20,3,4527.136300305786,4415.0,off
2018-01-17,2018-01-21,4,4040.155446336016,3794.0,off
2018-01-17,2018-01-22,5,3593.8734393305067,3355.0,off
2018-01-17,2018-01-23,6,3600.2443729717147,3655.0,off
2018-01-17,2018-01-24,7,3792.0598659663215,3784.0,off
2018-01-24,2018-01-25,1,3911.4235183598503,3990.0,off
2018-01-24,2018-01-26,2,3990.0910327119395,3806.0,off
2018-01-24,2018-01-27,3,4304.658650125011,4146.0,off
2018-01-24,2018-01-28,4,3907.9603425287905,4080.0,off
2018-01-24,2018-01-29,5,3714.1899034758385,3658.0,off
2018-01-24,2018-01-30,6,3714.1881432699042,3684.0,off
2018-01-24,2018-01-31,7,3771.006589643481,3546.0,off
2018-01-31,2018-02-01,1,3921.1885806994546,3785.0,off
2018-01-31,2018-02-02,2,3816.908391807771,4371.0,off
2018-01-31,2018-02-03,3,4318.738447240681,5036.0,off
2018-01-31,2018-02-04,4,3971.756005156471,4599.0,off
2018-01-31,2018-02-05,5,3583.9214779523863,4530.0,off
2018-01-31,2018-02-06,6,3586.277005072969,4160.0,off
2018-01-31,2018-02-07,7,3865.3883575920395,3991.0,off
2018-02-07,2018-02-08,1,4133.084929938371,4160.0,off
2018-02-07,2018-02-09,2,3929.039227498525,3902.0,off
2018-02-07,2018-02-10,3,4221.10928801742,3900.0,off
2018-02-07,2018-02-11,4,3673.487716747447,3518.0,off
2018-02-07,2018-02-12,5,3209.54814720557,2920.0,off
2018-02-07,2018-02-13,6,2780.054384219051,2692.0,off
2018-02-07,2018-02-14,7,2227.6352622906793,1939.0,off
2018-02-14,2018-02-15,1,2008.6231216878587,1597.0,off
2018-02-14,2018-02-16,2,2868.1935157802664,2422.0,off
2018-02-14,2018-02-17,3,4093.881888883838,3057.0,off
2018-02-14,2018-02-18,4,4638.877811721022,4059.0,off
2018-02-14,2018-02-19,5,4532.759668003484,4275.0,off
2018-02-14,2018-02-20,6,4662.964551223208,4299.0,off
2018-02-14,2018-02-21,7,4268.789660266009,4295.0,off
2018-03-28,2018-03-29,1,3858.6043718203264,4108.0,off
2018-03-28,2018-03-30,2,3990.8152180766483,4368.0,off
2018-03-28,2018-03-31,3,4444.180410984538,4394.0,off
2018-03-28,2018-04-01,4,4208.4393171452,4016.0,off
2018-03-28,2018-04-02,5,3668.4060868309252,3500.0,off
2018-03-28,2018-04-03,6,3807.7784237877936,3138.0,off
2018-03-28,2018-04-04,7,3640.0366176872735,3009.0,off
2018-04-04,2018-04-05,1,3257.0617526858014,3496.0,off
2018-04-04,2018-04-06,2,4133.633511740967,4049.0,off
2018-04-04,2018-04-07,3,4015.264539599325,3947.0,off
2018-04-04,2018-04-08,4,3821.941560198791,3395.0,off
2018-04-04,2018-04-09,5,3649.9277397009587,3344.0,off
2018-04-04,2018-04-10,6,3708.8419913954385,4079.0,off
2018-04-04,2018-04-11,7,3884.684423706562,4019.0,off
2018-04-11,2018-04-12,1,3852.032038182444,3776.0,off
2018-04-11,2018-04-13,2,4165.415490802665,4308.0,off
2018-04-11,2018-04-14,3,4406.551697879029,4599.0,off
2018-04-11,2018-04-15,4,4217.272266575988,3895.0,off
2018-04-11,2018-04-16,5,3765.30790667986,3728.0,off
2018-04-11,2018-04-17,6,3927.4838528468554,3766.0,off
2018-04-11,2018-04-18,7,3797.9611828186544,3552.0,off
2018-04-18,2018-04-19,1,3940.254290123907,4087.0,off
2018-04-18,2018-04-20,2,4242.7518696123,4220.0,off
2018-04-18,2018-04-21,3,4661.261997228648,4883.0,off
2018-04-18,2018-04-22,4,4101.1299886144,4384.0,off
2018-04-18,2018-04-23,5,3585.94658806178,3522.0,off
2018-04-18,2018-04-24,6,3787.0492235511756,3993.0,off
2018-04-18,2018-04-25,7,3820.121252554327,4034.0,off
2018-04-25,2018-04-26,1,4112.2444672035435,3987.0,off
2018-04-25,2018-04-27,2,4238.465145620098,3686.0,off
2018-04-25,2018-04-28,3,4379.98591495643,4188.0,off
2018-04-25,2018-04-29,4,4612.311444144568,4613.0,off
2018-04-25,2018-04-30,5,4510.275016340231,4630.0,off
2018-04-25,2018-05-01,6,4181.362159459497,4103.0,off
2018-04-25,2018-05-02,7,3832.050968889893,3344.0,off
2018-05-02,2018-05-03,1,3934.8253617280407,3210.0,off
2018-05-02,2018-05-04,2,4126.29318432619,4015.0,off
2018-05-02,2018-05-05,3,4506.080676375719,3807.0,off
2018-05-02,2018-05-06,4,4087.516442672265,3629.0,off
2018-05-02,2018-05-07,5,3721.084559452203,3508.0,off
2018-05-02,2018-05-08,6,3765.348659894462,3609.0,off
2018-05-02,2018-05-09,7,3611.880624474838,3839.0,off
2018-05-23,2018-05-24,1,4096.938459516396,3471.0,off
2018-05-23,2018-05-25,2,4165.701109912659,3946.0,off
2018-05-23,2018-05-26,3,4608.872017723731,4372.0,off
2018-05-23,2018-05-27,4,4226.092743479544,3869.0,off
2018-05-23,2018-05-28,5,3703.392587051707,3703.0,off
2018-05-23,2018-05-29,6,3643.0321418983135,3586.0,off
2018-05-23,2018-05-30,7,3571.4811988514316,3508.0,off
2018-05-30,2018-05-31,1,3676.7910566064616,3624.0,off
2018-05-30,2018-06-01,2,4102.722812951334,3747.0,off
2018-05-30,2018-06-02,3,4367.425383008374,4204.0,off
2018-05-30,2018-06-03,4,4228.376558003278,3816.0,off
2018-05-30,2018-06-04,5,3768.6914601532153,3581.0,off
2018-05-30,2018-06-05,6,3768.029836419408,3458.0,off
2018-05-30,2018-06-06,7,3799.976766845636,3677.0,off
2018-06-15,2018-06-16,1,4299.960152167647,3980.0,off
2018-06-15,2018-06-17,2,4000.5278584829157,4237.0,off
2018-06-15,2018-06-18,3,3888.015186515108,3726.0,off
2018-06-15,2018-06-19,4,3123.2952764535585,3182.0,off
2018-06-15,2018-06-20,5,3587.4462545040074,3520.0,off
2018-06-15,2018-06-21,6,3795.1412760518606,3701.0,off
2018-06-15,2018-06-22,7,4048.4375980522777,4145.0,off
2018-07-13,2018-07-14,1,4777.814474141574,5016.0,off
2018-07-13,2018-07-15,2,4307.514423429956,4483.0,off
2018-07-13,2018-07-16,3,3834.4976071228025,4291.0,off
2018-07-13,2018-07-17,4,3662.5203623498865,4265.0,off
2018-07-13,2018-07-18,5,3954.130614649026,4700.0,off
2018-07-13,2018-07-19,6,4078.1124823060704,4913.0,off
2018-07-13,2018-07-20,7,4259.058184979172,4752.0,off
2018-10-03,2018-10-04,1,5004.471695481389,5144.0,off
2018-10-03,2018-10-05,2,4964.827713601731,5467.0,off
2018-10-03,2018-10-06,3,5093.250890290822,4587.0,off
2018-10-03,2018-10-07,4,4371.984772113739,3928.0,off
2018-10-03,2018-10-08,5,4318.730166579206,3920.0,off
2018-10-03,2018-10-09,6,3974.405540099819,4023.0,off
2018-10-03,2018-10-10,7,4273.529732086068,4749.0,off
2018-10-10,2018-10-11,1,4566.631661220811,4869.0,off
2018-10-10,2018-10-12,2,4485.435510713121,4584.0,off
2018-10-10,2018-10-13,3,4598.628453647289,5052.0,off
2018-10-10,2018-10-14,4,4088.0648600466543,4494.0,off
2018-10-10,2018-10-15,5,4084.2759191777495,4395.0,off
2018-10-10,2018-10-16,6,4356.376344861802,4682.0,off
2018-10-10,2018-10-17,7,4734.383568471999,4804.0,off
2018-12-19,2018-12-20,1,4550.631588600428,4722.0,off
2018-12-19,2018-12-21,2,4672.25805352393,4619.0,off
2018-12-19,2018-12-22,3,4947.238602998046,4900.0,off
2018-12-19,2018-12-23,4,4748.6909820124365,4918.0,off
2018-12-19,2018-12-24,5,4359.832265405272,4640.0,off
2018-12-19,2018-12-25,6,4422.1192746674815,4522.0,off
2018-12-19,2018-12-26,7,4453.384090751278,4620.0,off
2018-12-26,2018-12-27,1,4632.594830096314,4889.0,off
2018-12-26,2018-12-28,2,4606.773395289588,4715.0,off
2018-12-26,2018-12-29,3,4626.965423552455,4973.0,off
2018-12-26,2018-12-30,4,4802.589305720726,5071.0,off
2018-12-26,2018-12-31,5,4515.054682834681,5297.0,off
2018-12-26,2019-01-01,6,4275.721618660043,4796.0,off
2018-12-26,2019-01-02,7,4291.0940819059715,4470.0,off
2019-01-02,2019-01-03,1,4517.197338576633,4671.0,off
2019-01-02,2019-01-04,2,4689.465453276555,5001.0,off
2019-01-02,2019-01-05,3,4978.043393970044,5189.0,off
2019-01-02,2019-01-06,4,4417.603199132597,4589.0,off
2019-01-02,2019-01-07,5,4233.513972194554,4333.0,off
2019-01-02,2019-01-08,6,4156.124690627513,4399.0,off
2019-01-02,2019-01-09,7,4398.1112620308895,4531.0,off
2019-01-16,2019-01-17,1,4825.685392038157,5089.0,off
2019-01-16,2019-01-18,2,4916.600830698593,4763.0,off
2019-01-16,2019-01-19,3,5219.6590618222335,5300.0,off
2019-01-16,2019-01-20,4,4805.359345843546,4596.0,off
2019-01-16,2019-01-21,5,4362.612619217848,4503.0,off
2019-01-16,2019-01-22,6,4417.699248118105,4269.0,off
2019-01-16,2019-01-23,7,4674.934507599142,4421.0,off
2019-01-23,2019-01-24,1,4435.782553437114,4820.0,off
2019-01-23,2019-01-25,2,4640.080279768684,4915.0,off
2019-01-23,2019-01-26,3,4815.2162673265975,5510.0,off
2019-01-23,2019-01-27,4,4603.767104216559,4988.0,off
2019-01-23,2019-01-28,5,4492.380264572716,4444.0,off
2019-01-23,2019-01-29,6,4155.685227694821,4558.0,off
2019-01-23,2019-01-30,7,4096.508469326945,4647.0,off
2019-01-30,2019-01-31,1,4238.523193712872,4539.0,off
2019-01-30,2019-02-01,2,4053.1267892454166,4337.0,off
2019-01-30,2019-02-02,3,4000.0134776161467,3683.0,off
2019-01-30,2019-02-03,4,2921.713852098413,2880.0,off
2019-01-30,2019-02-04,5,2219.700318636139,2457.0,off
2019-01-30,2019-02-05,6,2895.830380542461,3632.0,off
2019-01-30,2019-02-06,7,3386.797346630391,4483.0,off
2019-02-06,2019-02-07,1,4711.542060283941,4998.0,off
2019-02-06,2019-02-08,2,5372.103496638178,5993.0,off
2019-02-06,2019-02-09,3,5791.661098446337,6110.0,off
2019-02-06,2019-02-10,4,5365.627633997163,5493.0,off
2019-02-06,2019-02-11,5,4473.4920821729065,5701.0,off
2019-02-06,2019-02-12,6,4281.362813431327,5668.0,off
2019-02-06,2019-02-13,7,4275.0191621824915,5537.0,off
2019-02-13,2019-02-14,1,4208.205585135491,5222.0,off
2019-02-13,2019-02-15,2,4823.269028000227,5358.0,off
2019-02-13,2019-02-16,3,5276.356070421834,5867.0,off
2019-02-13,2019-02-17,4,4792.748739561124,5726.0,off
2019-02-13,2019-02-18,5,4523.093705680264,5033.0,off
2019-02-13,2019-02-19,6,4230.187425647018,4811.0,off
2019-02-13,2019-02-20,7,4707.590671370248,4795.0,off
2019-02-20,2019-02-21,1,4787.393913687082,5021.0,off
2019-02-20,2019-02-22,2,4958.769092668363,5730.0,off
2019-02-20,2019-02-23,3,5032.740751243624,5844.0,off
2019-02-20,2019-02-24,4,4810.32760139626,5285.0,off
2019-02-20,2019-02-25,5,4622.865362418704,4747.0,off
2019-02-20,2019-02-26,6,4466.278659248511,5199.0,off
2019-02-20,2019-02-27,7,4764.640978575784,5540.0,off
2019-02-27,2019-02-28,1,5100.924322257233,5338.0,off
2019-02-27,2019-03-01,2,5038.813212535102,5542.0,off
2019-02-27,2019-03-02,3,5265.007785385201,6047.0,off
2019-02-27,2019-03-03,4,4987.280069677084,5692.0,off
2019-02-27,2019-03-04,5,4690.665670015491,5337.0,off
2019-02-27,2019-03-05,6,4905.406188419986,5097.0,off
2019-02-27,2019-03-06,7,5090.860975186097,5380.0,off
2019-03-27,2019-03-28,1,5117.705393808883,5492.0,off
2019-03-27,2019-03-29,2,5429.306991838581,5223.0,off
2019-03-27,2019-03-30,3,5515.782214568554,6480.0,off
2019-03-27,2019-03-31,4,5276.218865310843,5445.0,off
2019-03-27,2019-04-01,5,5144.551634847115,4692.0,off
2019-03-27,2019-04-02,6,5225.457868449277,4895.0,off
2019-03-27,2019-04-03,7,5214.414470033664,4771.0,off
2019-04-03,2019-04-04,1,5010.866214906061,4949.0,off
2019-04-03,2019-04-05,2,5545.795070682803,5809.0,off
2019-04-03,2019-04-06,3,5799.801028146485,6036.0,off
2019-04-03,2019-04-07,4,5236.217288111205,5404.0,off
2019-04-03,2019-04-08,5,4598.4767296554455,4647.0,off
2019-04-03,2019-04-09,6,4833.654450333031,4956.0,off
2019-04-03,2019-04-10,7,4953.302921190357,5332.0,off
2019-04-10,2019-04-11,1,5294.169934902108,5285.0,off
2019-04-10,2019-04-12,2,5541.955252754882,5382.0,off
2019-04-10,2019-04-13,3,6097.959309877768,6572.0,off
2019-04-10,2019-04-14,4,5475.568880856012,5449.0,off
2019-04-10,2019-04-15,5,4794.251497316398,5042.0,off
2019-04-10,2019-04-16,6,5012.28997496396,5320.0,off
2019-04-10,2019-04-17,7,5147.496866394333,5213.0,off
2019-05-01,2019-05-02,1,5770.491592218819,7218.0,off
2019-05-01,2019-05-03,2,6094.859864162517,6783.0,off
2019-05-01,2019-05-04,3,6020.490479772361,5607.0,off
2019-05-01,2019-05-05,4,5534.055060697832,4868.0,off
2019-05-01,2019-05-06,5,4948.4872888120935,5135.0,off
2019-05-01,2019-05-07,6,5249.772629534472,5562.0,off
2019-05-01,2019-05-08,7,5403.165979659224,5770.0,off
2019-05-08,2019-05-09,1,5371.346178133524,5821.0,off
2019-05-08,2019-05-10,2,5316.538188615839,5872.0,off
2019-05-08,2019-05-11,3,5857.210392553308,6201.0,off
2019-05-08,2019-05-12,4,5619.840173642049,5431.0,off
2019-05-08,2019-05-13,5,5147.897352128569,5040.0,off
2019-05-08,2019-05-14,6,5228.164121860387,5010.0,off
2019-05-08,2019-05-15,7,5321.754769034105,5368.0,off
2019-06-12,2019-06-13,1,5769.317495785532,6378.0,off
2019-06-12,2019-06-14,2,5891.0775365792015,6418.0,off
2019-06-12,2019-06-15,3,6762.762107850526,6702.0,off
2019-06-12,2019-06-16,4,6467.558496001628,6368.0,off
2019-06-12,2019-06-17,5,5904.405023583434,5737.0,off
2019-06-12,2019-06-18,6,5835.498369850871,6390.0,off
2019-06-12,2019-06-19,7,5912.988777964583,6015.0,off
2019-06-15,2019-06-16,1,6267.959233359448,6368.0,off
2019-06-15,2019-06-17,2,6008.194791324035,5737.0,off
2019-06-15,2019-06-18,3,5989.657566418745,6390.0,off
2019-06-15,2019-06-19,4,5903.496053939023,6015.0,off
2019-06-15,2019-06-20,5,5951.486540068152,6220.0,off
2019-06-15,2019-06-21,6,6091.532190759207,6774.0,off
2019-06-15,2019-06-22,7,6738.3515862946215,7179.0,off
2019-06-19,2019-06-20,1,6091.823163025166,6220.0,off
2019-06-19,2019-06-21,2,6290.975352545102,6774.0,off
2019-06-19,2019-06-22,3,6751.775486340821,7179.0,off
2019-06-19,2019-06-23,4,6061.857855168923,6443.0,off
2019-06-19,2019-06-24,5,5775.072398389681,5856.0,off
2019-06-19,2019-06-25,6,5858.382706523275,5918.0,off
2019-06-19,2019-06-26,7,5605.767963319964,6066.0,off
2019-07-13,2019-07-14,1,6702.7422851316305,6724.0,off
2019-07-13,2019-07-15,2,6048.26771036245,6551.0,off
2019-07-13,2019-07-16,3,6169.552021802844,6638.0,off
2019-07-13,2019-07-17,4,6021.152737810981,6172.0,off
2019-07-13,2019-07-18,5,5912.23713500949,6080.0,off
2019-07-13,2019-07-19,6,6349.461676424613,6810.0,off
2019-07-13,2019-07-20,7,7147.652586442228,7010.0,off
2019-09-18,2019-09-19,1,6537.131454851042,6462.0,off
2019-09-18,2019-09-20,2,6775.168642675937,6565.0,off
2019-09-18,2019-09-21,3,7080.411893746225,6986.0,off
2019-09-18,2019-09-22,4,6184.529002558453,6459.0,off
2019-09-18,2019-09-23,5,5783.642650257721,5777.0,off
2019-09-18,2019-09-24,6,5819.445875134856,6439.0,off
2019-09-18,2019-09-25,7,5305.979542494464,6874.0,off
2019-09-25,2019-09-26,1,5960.510391238349,6482.0,off
2019-09-25,2019-09-27,2,6145.190867644545,6580.0,off
2019-09-25,2019-09-28,3,6122.163234082692,7204.0,off
2019-09-25,2019-09-29,4,5882.618944428866,6735.0,off
2019-09-25,2019-09-30,5,5594.492737118429,6700.0,off
2019-09-25,2019-10-01,6,6313.622492562362,7398.0,off
2019-09-25,2019-10-02,7,6683.413235429718,8769.0,off
2019-10-02,2019-10-03,1,7618.310369428508,8569.0,off
2019-10-02,2019-10-04,2,7408.66742120203,8785.0,off
2019-10-02,2019-10-05,3,7875.200723148633,7434.0,off
2019-10-02,2019-10-06,4,6439.7071083057035,6622.0,off
2019-10-02,2019-10-07,5,6294.1282051290445,5599.0,off
2019-10-02,2019-10-08,6,6068.138224742176,4962.0,off
2019-10-02,2019-10-09,7,6346.696728135431,5288.0,off
2019-10-09,2019-10-10,1,5350.168085721179,6003.0,off
2019-10-09,2019-10-11,2,5253.738616668021,6234.0,off
2019-10-09,2019-10-12,3,5667.115640885235,6653.0,off
2019-10-09,2019-10-13,4,6236.264170681908,6270.0,off
2019-10-09,2019-10-14,5,5272.772644717867,5705.0,off
2019-10-09,2019-10-15,6,5968.131450209005,5905.0,off
2019-10-09,2019-10-16,7,6381.194975047657,6169.0,off
2019-12-18,2019-12-19,1,5521.704632111742,4862.0,off
2019-12-18,2019-12-20,2,6202.291261098531,5481.0,off
2019-12-18,2019-12-21,3,6567.450338834486,6595.0,off
2019-12-18,2019-12-22,4,6028.031637222536,5851.0,off
2019-12-18,2019-12-23,5,5709.802474049663,6304.0,off
2019-12-18,2019-12-24,6,5605.5096637697325,6565.0,off
2019-12-18,2019-12-25,7,5863.22522262966,7021.0,off
2019-12-25,2019-12-26,1,6356.400083656002,7157.0,off
2019-12-25,2019-12-27,2,6540.487227543323,7511.0,off
2019-12-25,2019-12-28,3,6533.654138158153,8152.0,off
2019-12-25,2019-12-29,4,6439.63669866179,6848.0,off
2019-12-25,2019-12-30,5,6094.377315336551,6125.0,off
2019-12-25,2019-12-31,6,6087.167656299233,6552.0,off
2019-12-25,2020-01-01,7,5935.437465957839,6810.0,off
2020-01-01,2020-01-02,1,6448.1740100047,6162.0,off
2020-01-01,2020-01-03,2,6767.750791162673,7125.0,off
2020-01-01,2020-01-04,3,7506.0043815814615,7637.0,off
2020-01-01,2020-01-05,4,6881.238409452392,7178.0,off
2020-01-01,2020-01-06,5,6175.434202076398,6930.0,off
2020-01-01,2020-01-07,6,6156.765651593883,7129.0,off
2020-01-01,2020-01-08,7,6199.533698306467,6942.0,off
2024-01-03,2024-01-04,1,5565.738157985087,5586.0,off
2024-01-03,2024-01-05,2,6062.950607058449,5851.0,off
2024-01-03,2024-01-06,3,6662.2570275364515,6542.0,off
2024-01-03,2024-01-07,4,5864.713297778529,6273.0,off
2024-01-03,2024-01-08,5,5480.197732370984,5906.0,off
2024-01-03,2024-01-09,6,5750.6667229374625,5969.0,off
2024-01-03,2024-01-10,7,5550.9433434901375,5838.0,off
2024-01-10,2024-01-11,1,6031.680339100456,5884.0,off
2024-01-10,2024-01-12,2,6296.951071533978,6042.0,off
2024-01-10,2024-01-13,3,6749.804503428093,6746.0,off
2024-01-10,2024-01-14,4,6344.447250665603,5703.0,off
2024-01-10,2024-01-15,5,6022.185984354233,5604.0,off
2024-01-10,2024-01-16,6,5697.47000177882,5976.0,off
2024-01-10,2024-01-17,7,5718.920301065006,5756.0,off
2024-01-17,2024-01-18,1,5932.581398843768,5748.0,off
2024-01-17,2024-01-19,2,6024.033043484537,5839.0,off
2024-01-17,2024-01-20,3,6702.409166639626,6679.0,off
2024-01-17,2024-01-21,4,6278.318893359887,6394.0,off
2024-01-17,2024-01-22,5,5660.786998077377,5438.0,off
2024-01-17,2024-01-23,6,5832.977981987063,5509.0,off
2024-01-17,2024-01-24,7,6145.975846905201,5688.0,off
2024-01-24,2024-01-25,1,5669.584243041566,5731.0,off
2024-01-24,2024-01-26,2,5746.745809376288,6154.0,off
2024-01-24,2024-01-27,3,6581.0112134367055,6273.0,off
2024-01-24,2024-01-28,4,6119.71131441494,5441.0,off
2024-01-24,2024-01-29,5,5761.888769501777,5125.0,off
2024-01-24,2024-01-30,6,5513.7848920151455,4696.0,off
2024-01-24,2024-01-31,7,5560.5524929314615,4742.0,off
2024-01-31,2024-02-01,1,5213.845510408725,4570.0,off
2024-01-31,2024-02-02,2,5633.237307319762,5180.0,off
2024-01-31,2024-02-03,3,8078.629984846535,5360.0,off
2024-01-31,2024-02-04,4,7740.227329305016,5111.0,off
2024-01-31,2024-02-05,5,5511.754823238476,4619.0,off
2024-01-31,2024-02-06,6,5927.203088323828,4089.0,off
2024-01-31,2024-02-07,7,5643.4407029059585,3454.0,off
2024-02-07,2024-02-08,1,4794.27848764563,3173.0,off
2024-02-07,2024-02-09,2,4621.063335475426,2684.0,off
2024-02-07,2024-02-10,3,7985.0723533790415,4041.0,off
2024-02-07,2024-02-11,4,11793.826220195062,5238.0,off
2024-02-07,2024-02-12,5,11585.462628226334,6601.0,off
2024-02-07,2024-02-13,6,13588.014435562045,7221.0,off
2024-02-07,2024-02-14,7,12310.437325862875,6961.0,off
2024-04-03,2024-04-04,1,5443.683940611475,5747.0,off
2024-04-03,2024-04-05,2,5610.878983883158,6303.0,off
2024-04-03,2024-04-06,3,5750.784811745649,6307.0,off
2024-04-03,2024-04-07,4,5415.789535614977,5643.0,off
2024-04-03,2024-04-08,5,5397.10117039625,5920.0,off
2024-04-03,2024-04-09,6,5456.795893241691,6257.0,off
2024-04-03,2024-04-10,7,5474.476978672519,7203.0,off
2024-04-10,2024-04-11,1,6677.833947721364,7035.0,off
2024-04-10,2024-04-12,2,6490.135826550694,7295.0,off
2024-04-10,2024-04-13,3,6766.803905287288,7462.0,off
2024-04-10,2024-04-14,4,6155.154015781133,6540.0,off
2024-04-10,2024-04-15,5,5972.600392265219,5890.0,off
2024-04-10,2024-04-16,6,6234.351971779213,6114.0,off
2024-04-10,2024-04-17,7,6161.912705441892,6646.0,off
2024-05-01,2024-05-02,1,6828.999887904475,8428.0,off
2024-05-01,2024-05-03,2,6553.493254371805,7833.0,off
2024-05-01,2024-05-04,3,6776.12346649423,7627.0,off
2024-05-01,2024-05-05,4,6550.595784813085,6202.0,off
2024-05-01,2024-05-06,5,5544.7665091210265,5110.0,off
2024-05-01,2024-05-07,6,5620.2198535784355,5491.0,off
2024-05-01,2024-05-08,7,5994.458557156233,5993.0,off
2024-05-08,2024-05-09,1,6477.971387678475,6735.0,off
2024-05-08,2024-05-10,2,6267.929234935741,7422.0,off
2024-05-08,2024-05-11,3,6237.947648611266,7363.0,off
2024-05-08,2024-05-12,4,5862.764497589168,6534.0,off
2024-05-08,2024-05-13,5,5684.250362970722,6394.0,off
2024-05-08,2024-05-14,6,5787.609422572418,6275.0,off
2024-05-08,2024-05-15,7,6298.610673985872,6549.0,off
2024-06-15,2024-06-16,1,6480.080575719417,6784.0,off
2024-06-15,2024-06-17,2,5941.9362789276665,6010.0,off
2024-06-15,2024-06-18,3,6090.991871051648,6202.0,off
2024-06-15,2024-06-19,4,6138.199385755758,6030.0,off
2024-06-15,2024-06-20,5,6018.360116123813,6344.0,off
2024-06-15,2024-06-21,6,6337.60180746009,6837.0,off
2024-06-15,2024-06-22,7,7041.355048542019,6612.0,off
2024-06-19,2024-06-20,1,6297.325928788682,6344.0,off
2024-06-19,2024-06-21,2,6487.743102460593,6837.0,off
2024-06-19,2024-06-22,3,7070.633691980538,6612.0,off
2024-06-19,2024-06-23,4,6826.646539597068,6357.0,off
2024-06-19,2024-06-24,5,6014.4658882172735,5413.0,off
2024-06-19,2024-06-25,6,6125.403452799327,6178.0,off
2024-06-19,2024-06-26,7,6493.1793346857985,6393.0,off
2024-06-26,2024-06-27,1,6407.275834226392,6439.0,off
2024-06-26,2024-06-28,2,6597.516655908912,7072.0,off
2024-06-26,2024-06-29,3,7062.194723338357,7355.0,off
2024-06-26,2024-06-30,4,6318.3581349872975,6513.0,off
2024-06-26,2024-07-01,5,5696.251261788123,5942.0,off
2024-06-26,2024-07-02,6,5864.377215685569,5751.0,off
2024-06-26,2024-07-03,7,5948.169298551479,5965.0,off
2024-07-13,2024-07-14,1,6575.687120653818,7042.0,off
2024-07-13,2024-07-15,2,5574.7668053534535,6140.0,off
2024-07-13,2024-07-16,3,5576.088343695819,6563.0,off
2024-07-13,2024-07-17,4,5477.261827054903,7092.0,off
2024-07-13,2024-07-18,5,6631.596871712186,7407.0,off
2024-07-13,2024-07-19,6,6713.220015231857,7807.0,off
2024-07-13,2024-07-20,7,7177.599083409612,8336.0,off
2024-09-25,2024-09-26,1,6465.94722252181,7085.0,off
2024-09-25,2024-09-27,2,6075.254606498297,7024.0,off
2024-09-25,2024-09-28,3,6712.766221210647,6599.0,off
2024-09-25,2024-09-29,4,6270.5393597917355,6440.0,off
2024-09-25,2024-09-30,5,5931.71329841402,6347.0,off
2024-09-25,2024-10-01,6,5915.544817541605,7437.0,off
2024-09-25,2024-10-02,7,6299.105556050198,8012.0,off
2024-10-02,2024-10-03,1,7867.085682046587,7787.0,off
2024-10-02,2024-10-04,2,7477.755501926298,7679.0,off
2024-10-02,2024-10-05,3,7204.580487504997,7612.0,off
2024-10-02,2024-10-06,4,6579.367324565097,7318.0,off
2024-10-02,2024-10-07,5,6359.202480862436,5565.0,off
2024-10-02,2024-10-08,6,6159.964708044858,5113.0,off
2024-10-02,2024-10-09,7,6396.841968071148,5458.0,off
2024-10-09,2024-10-10,1,6376.903140261801,5671.0,off
2024-10-09,2024-10-11,2,7181.441370880976,6528.0,off
2024-10-09,2024-10-12,3,7275.398853344588,7325.0,off
2024-10-09,2024-10-13,4,7152.7274474778715,6537.0,off
2024-10-09,2024-10-14,5,6071.9105994023685,6507.0,off
2024-10-09,2024-10-15,6,6315.306714513019,6750.0,off
2024-10-09,2024-10-16,7,6607.9580649415675,6822.0,off
2024-12-18,2024-12-19,1,6986.0128203198365,6387.0,off
2024-12-18,2024-12-20,2,7154.772509829275,6716.0,off
2024-12-18,2024-12-21,3,7419.108661991071,6960.0,off
2024-12-18,2024-12-22,4,6888.074003908643,6395.0,off
2024-12-18,2024-12-23,5,6402.827100841312,6302.0,off
2024-12-18,2024-12-24,6,6563.152345634669,6996.0,off
2024-12-18,2024-12-25,7,6612.868676954005,7222.0,off
2024-12-25,2024-12-26,1,7142.235654284567,6837.0,off
2024-12-25,2024-12-27,2,7179.702726904184,7647.0,off
2024-12-25,2024-12-28,3,6960.955572361661,8028.0,off
2024-12-25,2024-12-29,4,6695.192906275499,7179.0,off
2024-12-25,2024-12-30,5,6419.707282694051,6325.0,off
2024-12-25,2024-12-31,6,6663.338523795207,7011.0,off
2024-12-25,2025-01-01,7,6628.494892359329,7464.0,off
2025-01-01,2025-01-02,1,7309.735781264229,6686.0,off
2025-01-01,2025-01-03,2,7466.122951902409,6999.0,off
2025-01-01,2025-01-04,3,7784.609052172205,8150.0,off
2025-01-01,2025-01-05,4,7347.369720386328,7555.0,off
2025-01-01,2025-01-06,5,6162.908275165808,7501.0,off
2025-01-01,2025-01-07,6,6487.987749273882,7766.0,off
2025-01-01,2025-01-08,7,7059.1772598143025,7363.0,off
2025-01-08,2025-01-09,1,6724.111557586071,7244.0,off
2025-01-08,2025-01-10,2,7266.072751609059,7362.0,off
2025-01-08,2025-01-11,3,7853.46558085556,8310.0,off
2025-01-08,2025-01-12,4,7087.183226903637,7507.0,off
2025-01-08,2025-01-13,5,7105.885324572217,6842.0,off
2025-01-08,2025-01-14,6,7058.912225878344,7028.0,off
2025-01-08,2025-01-15,7,7472.197127591678,7065.0,off
2025-01-15,2025-01-16,1,6974.177720066928,6883.0,off
2025-01-15,2025-01-17,2,7249.821029976288,7450.0,off
2025-01-15,2025-01-18,3,7910.624172112847,7652.0,off
2025-01-15,2025-01-19,4,7302.066457611889,6955.0,off
2025-01-15,2025-01-20,5,6949.63289629958,6102.0,off
2025-01-15,2025-01-21,6,6929.184565675828,6130.0,off
2025-01-15,2025-01-22,7,5869.194468308473,5976.0,off
2025-01-22,2025-01-23,1,5634.2010776234665,6206.0,off
2025-01-22,2025-01-24,2,5795.757786448107,5946.0,off
2025-01-22,2025-01-25,3,5752.525971249143,5480.0,off
2025-01-22,2025-01-26,4,4645.917101143383,4576.0,off
2025-01-22,2025-01-27,5,4014.9078915522455,3619.0,off
2025-01-22,2025-01-28,6,3549.272229834037,3331.0,off
2025-01-22,2025-01-29,7,4751.327568629245,5335.0,off
2025-01-29,2025-01-30,1,5710.5052135813485,6264.0,off
2025-01-29,2025-01-31,2,7600.594094949977,7252.0,off
2025-01-29,2025-02-01,3,8954.737595248367,7756.0,off
2025-01-29,2025-02-02,4,7920.781262080076,7727.0,off
2025-01-29,2025-02-03,5,7031.640251159663,7545.0,off
2025-01-29,2025-02-04,6,6790.305605942382,7642.0,off
2025-01-29,2025-02-05,7,5830.891878804439,7150.0,off
2025-02-05,2025-02-06,1,5720.510659797311,6869.0,off
2025-02-05,2025-02-07,2,6190.092048731459,7305.0,off
2025-02-05,2025-02-08,3,7459.71642062108,7294.0,off
2025-02-05,2025-02-09,4,6933.165125252626,6525.0,off
2025-02-05,2025-02-10,5,6539.043333001945,6163.0,off
2025-02-05,2025-02-11,6,6607.9192164218375,6140.0,off
2025-02-05,2025-02-12,7,6611.7548606679065,5747.0,off
2025-02-12,2025-02-13,1,6150.561627902636,5995.0,off
2025-02-12,2025-02-14,2,6684.98179379196,6622.0,off
2025-02-12,2025-02-15,3,7124.767343239025,7363.0,off
2025-02-12,2025-02-16,4,6651.79440420084,7109.0,off
2025-02-12,2025-02-17,5,6303.891374811436,6926.0,off
2025-02-12,2025-02-18,6,6428.673802953748,6924.0,off
2025-02-12,2025-02-19,7,6813.644620349687,7607.0,off
2025-02-19,2025-02-20,1,6900.307090615011,7133.0,off
2025-02-19,2025-02-21,2,7272.0763001672385,7662.0,off
2025-02-19,2025-02-22,3,7671.117705152104,8234.0,off
2025-02-19,2025-02-23,4,7381.910701826224,7736.0,off
2025-02-19,2025-02-24,5,6628.434919747906,6807.0,off
2025-02-19,2025-02-25,6,6679.156656001173,6847.0,off
2025-02-19,2025-02-26,7,6859.757879750555,7477.0,off
2025-02-26,2025-02-27,1,7025.67006108201,7481.0,off
2025-02-26,2025-02-28,2,7259.091207113214,7283.0,off
2025-02-26,2025-03-01,3,7921.992465493997,7870.0,off
2025-02-26,2025-03-02,4,7525.702820289441,7022.0,off
2025-02-26,2025-03-03,5,6853.919331598241,7295.0,off
2025-02-26,2025-03-04,6,6850.980512531972,7199.0,off
2025-02-26,2025-03-05,7,7196.410387231394,7107.0,off
2025-03-26,2025-03-27,1,7176.725401707436,6936.0,off
2025-03-26,2025-03-28,2,7218.666818390396,7674.0,off
2025-03-26,2025-03-29,3,7544.119875486204,7756.0,off
2025-03-26,2025-03-30,4,7278.194294837234,6660.0,off
2025-03-26,2025-03-31,5,6909.326555506802,5971.0,off
2025-03-26,2025-04-01,6,6920.869192015109,6047.0,off
2025-03-26,2025-04-02,7,6677.3022431128475,6218.0,off
2025-04-02,2025-04-03,1,6317.405026373157,6169.0,off
2025-04-02,2025-04-04,2,6863.978214223717,6909.0,off
2025-04-02,2025-04-05,3,7612.631425172728,7175.0,off
2025-04-02,2025-04-06,4,6793.864964683795,5644.0,off
2025-04-02,2025-04-07,5,6538.653934547184,5625.0,off
2025-04-02,2025-04-08,6,6721.830994963803,6425.0,off
2025-04-02,2025-04-09,7,7209.363119778805,6391.0,off
2025-04-09,2025-04-10,1,6769.973676140171,6538.0,off
2025-04-09,2025-04-11,2,7026.869601835225,7218.0,off
2025-04-09,2025-04-12,3,7288.1243350459135,7765.0,off
2025-04-09,2025-04-13,4,6682.8973168918155,7177.0,off
2025-04-09,2025-04-14,5,6627.467406572946,6528.0,off
2025-04-09,2025-04-15,6,6848.827150193267,6804.0,off
2025-04-09,2025-04-16,7,6861.097366811687,7242.0,off
2025-04-30,2025-05-01,1,6525.888702458178,8349.0,off
2025-04-30,2025-05-02,2,7535.417456890617,8293.0,off
2025-04-30,2025-05-03,3,7731.414649454331,8042.0,off
2025-04-30,2025-05-04,4,7399.053148380824,7302.0,off
2025-04-30,2025-05-05,5,6747.248840365252,6521.0,off
2025-04-30,2025-05-06,6,6580.082692345014,5434.0,off
2025-04-30,2025-05-07,7,6756.568842506873,5558.0,off
2025-05-07,2025-05-08,1,6435.715453438881,5714.0,off
2025-05-07,2025-05-09,2,7026.485154642351,6367.0,off
2025-05-07,2025-05-10,3,7271.783209361589,7017.0,off
2025-05-07,2025-05-11,4,6941.365852879535,6694.0,off
2025-05-07,2025-05-12,5,6185.473642430177,6179.0,off
2025-05-07,2025-05-13,6,6332.441298450734,6607.0,off
2025-05-07,2025-05-14,7,6448.647623385778,6881.0,off
2025-06-04,2025-06-05,1,6096.436166409458,6454.0,off
2025-06-04,2025-06-06,2,6580.96746357273,6630.0,off
2025-06-04,2025-06-07,3,7611.414592259802,7547.0,off
2025-06-04,2025-06-08,4,7144.367140451087,7052.0,off
2025-06-04,2025-06-09,5,5967.860345981907,6508.0,off
2025-06-04,2025-06-10,6,5790.149053999313,6443.0,off
2025-06-04,2025-06-11,7,6207.678246073085,6588.0,off
2025-06-11,2025-06-12,1,6537.3000001725,6807.0,off
2025-06-11,2025-06-13,2,7010.466767800283,7028.0,off
2025-06-11,2025-06-14,3,7833.97143523963,7499.0,off
2025-06-11,2025-06-15,4,7386.409289308209,6851.0,off
2025-06-11,2025-06-16,5,6393.168096434532,6444.0,off
2025-06-11,2025-06-17,6,6394.691003781163,6698.0,off
2025-06-11,2025-06-18,7,6442.854469566701,6946.0,off
2025-06-15,2025-06-16,1,6271.846525930153,6444.0,off
2025-06-15,2025-06-17,2,6172.640107763181,6698.0,off
2025-06-15,2025-06-18,3,6347.81002413401,6946.0,off
2025-06-15,2025-06-19,4,6392.824580616129,6497.0,off
2025-06-15,2025-06-20,5,6740.799818600284,6630.0,off
2025-06-15,2025-06-21,6,7495.645621123799,7400.0,off
2025-06-15,2025-06-22,7,6771.000008555869,7287.0,off
2025-07-13,2025-07-14,1,6620.416246529507,7003.0,off
2025-07-13,2025-07-15,2,6653.6058640887395,6638.0,off
2025-07-13,2025-07-16,3,6822.442071626387,6986.0,off
2025-07-13,2025-07-17,4,6836.964917953609,7021.0,off
2025-07-13,2025-07-18,5,7111.168506215539,7688.0,off
2025-07-13,2025-07-19,6,7813.908880109404,7706.0,off
2025-07-13,2025-07-20,7,7320.1143847872145,5777.0,off
2025-09-17,2025-09-18,1,6872.442422387024,7349.0,off
2025-09-17,2025-09-19,2,7049.2728250116625,7520.0,off
2025-09-17,2025-09-20,3,7428.7438050761275,8087.0,off
2025-09-17,2025-09-21,4,6849.166389091634,7094.0,off
2025-09-17,2025-09-22,5,6581.681877073371,6292.0,off
2025-09-17,2025-09-23,6,6814.857596865622,1295.0,off
2025-09-17,2025-09-24,7,7008.479261909623,879.0,off
2025-09-24,2025-09-25,1,3037.687042734447,6184.0,off
2025-09-24,2025-09-26,2,2580.6878455228602,6833.0,off
2025-09-24,2025-09-27,3,2736.7308044787555,7721.0,off
2025-09-24,2025-09-28,4,2663.469015111632,6911.0,off
2025-09-24,2025-09-29,5,2907.388990131286,6653.0,off
2025-09-24,2025-09-30,6,2603.8715086263846,7176.0,off
2025-09-24,2025-10-01,7,7423.615340154477,8165.0,off
2025-10-01,2025-10-02,1,8230.406352787342,8537.0,off
2025-10-01,2025-10-03,2,8108.547348037392,8428.0,off
2025-10-01,2025-10-04,3,8094.7695427297695,7964.0,off
2025-10-01,2025-10-05,4,7421.548603343467,7425.0,off
2025-10-01,2025-10-06,5,5799.3096244084045,6625.0,off
2025-10-01,2025-10-07,6,6054.989247708211,6786.0,off
2025-10-01,2025-10-08,7,6281.634264748441,6012.0,off
2025-10-08,2025-10-09,1,6729.806699370363,6156.0,off
2025-10-08,2025-10-10,2,7112.009883690235,6655.0,off
2025-10-08,2025-10-11,3,7108.546356389206,7427.0,off
2025-10-08,2025-10-12,4,6845.609732579008,7363.0,off
2025-10-08,2025-10-13,5,6305.319036756589,7299.0,off
2025-10-08,2025-10-14,6,6630.707116886797,7279.0,off
2025-10-08,2025-10-15,7,6457.850578995486,7258.0,off
2025-12-17,2025-12-18,1,7153.260265326735,7367.0,off
2025-12-17,2025-12-19,2,7277.822561254837,7404.0,off
2025-12-17,2025-12-20,3,7635.938233442799,7812.0,off
2025-12-17,2025-12-21,4,7111.176998638915,7315.0,off
2025-12-17,2025-12-22,5,6525.690528848321,7093.0,off
2025-12-17,2025-12-23,6,6738.263545177481,7555.0,off
2025-12-17,2025-12-24,7,6993.21005938394,7797.0,off
2025-12-24,2025-12-25,1,7522.723700909465,7698.0,off
2025-12-24,2025-12-26,2,7751.6619109568055,7525.0,off
2025-12-24,2025-12-27,3,7953.4654676143555,7422.0,off
2025-12-24,2025-12-28,4,7278.622299403514,6980.0,off
2025-12-24,2025-12-29,5,7000.5829062885605,6611.0,off
2025-12-24,2025-12-30,6,7047.148447209824,6646.0,off
2025-12-24,2025-12-31,7,7085.854458410061,7274.0,off
2025-12-31,2026-01-01,1,7383.5214522806955,8575.0,off
2025-12-31,2026-01-02,2,7268.285281289037,8139.0,off
2025-12-31,2026-01-03,3,7350.347539886449,7427.0,off
2025-12-31,2026-01-04,4,6978.015845841058,7185.0,off
2025-12-31,2026-01-05,5,6770.982069525961,6956.0,off
2025-12-31,2026-01-06,6,6818.580303978093,7450.0,off
2025-12-31,2026-01-07,7,7064.584161221317,7838.0,off
2026-01-07,2026-01-08,1,7437.039099548243,7573.0,off
2026-01-07,2026-01-09,2,7575.889056492217,7618.0,off
2026-01-07,2026-01-10,3,7875.012457664808,8129.0,off
2026-01-07,2026-01-11,4,7219.948401344976,7581.0,off
2026-01-07,2026-01-12,5,6846.673034170349,7155.0,off
2026-01-07,2026-01-13,6,7217.541586795521,7364.0,off
2026-01-07,2026-01-14,7,7407.92126517434,7456.0,off
2026-01-21,2026-01-22,1,7456.814011294857,7494.0,off
2026-01-21,2026-01-23,2,7399.4146090521335,7809.0,off
2026-01-21,2026-01-24,3,7580.249613852558,7915.0,off
2026-01-21,2026-01-25,4,7073.438629581493,7586.0,off
2026-01-21,2026-01-26,5,6726.88652930136,7011.0,off
2026-01-21,2026-01-27,6,6822.513220875583,7119.0,off
2026-01-21,2026-01-28,7,6974.543968423984,7444.0,off
2026-01-28,2026-01-29,1,7184.787918180132,7280.0,off
2026-01-28,2026-01-30,2,7382.940018223571,7433.0,off
2026-01-28,2026-01-31,3,7710.469297240316,8150.0,off
2026-01-28,2026-02-01,4,7078.210104128005,7599.0,off
2026-01-28,2026-02-02,5,6755.345929260374,6868.0,off
2026-01-28,2026-02-03,6,7086.277268118116,6784.0,off
2026-01-28,2026-02-04,7,7346.023815280187,7017.0,off
2026-02-04,2026-02-05,1,7125.071598247905,7140.0,off
2026-02-04,2026-02-06,2,7160.149221360714,7672.0,off
2026-02-04,2026-02-07,3,7624.1208089847205,7962.0,off
2026-02-04,2026-02-08,4,7361.8456179356535,7270.0,off
2026-02-04,2026-02-09,5,7082.196342153301,6335.0,off
2026-02-04,2026-02-10,6,6027.984103224807,6202.0,off
2026-02-04,2026-02-11,7,6694.280839900478,5613.0,off
2026-02-11,2026-02-12,1,6069.081917649774,5468.0,off
2026-02-11,2026-02-13,2,5632.852616161667,5134.0,off
2026-02-11,2026-02-14,3,5330.840601738748,4464.0,off
2026-02-11,2026-02-15,4,4444.02277839531,3936.0,off
2026-02-11,2026-02-16,5,3556.195736936561,3518.0,off
2026-02-11,2026-02-17,6,5503.851414531819,5271.0,off
2026-02-11,2026-02-18,7,6609.260578033035,6585.0,off
2026-04-01,2026-04-02,1,6118.128124283912,6375.0,off
2026-04-01,2026-04-03,2,6763.628348910503,6704.0,off
2026-04-01,2026-04-04,3,7557.137188421335,6754.0,off
2026-04-01,2026-04-05,4,7233.8467030927395,7075.0,off
2026-04-01,2026-04-06,5,6234.994949654111,6349.0,off
2026-04-01,2026-04-07,6,5939.0937401486435,6310.0,off
2026-04-01,2026-04-08,7,6605.678079792287,6629.0,off
2026-04-08,2026-04-09,1,6637.298264072942,6709.0,off
2026-04-08,2026-04-10,2,6857.265996313059,7046.0,off
2026-04-08,2026-04-11,3,7651.996477740965,7719.0,off
2026-04-08,2026-04-12,4,7035.018331742161,7188.0,off
2026-04-08,2026-04-13,5,6693.703250525616,6645.0,off
2026-04-08,2026-04-14,6,6657.954597956659,7135.0,off
2026-04-08,2026-04-15,7,6792.691135594968,7167.0,off
2026-04-15,2026-04-16,1,7272.574061523629,7122.0,off
2026-04-15,2026-04-17,2,7272.018444163534,7299.0,off
2026-04-15,2026-04-18,3,7773.121793810149,7958.0,off
2026-04-15,2026-04-19,4,7339.613975638378,7374.0,off
2026-04-15,2026-04-20,5,6517.836398240799,6813.0,off
2026-04-15,2026-04-21,6,6577.176361861798,7027.0,off
2026-04-15,2026-04-22,7,6701.244462864308,7141.0,off
2026-04-22,2026-04-23,1,6971.920413602564,7310.0,off
2026-04-22,2026-04-24,2,7412.648437508827,7058.0,off
2026-04-22,2026-04-25,3,7759.952757169586,7699.0,off
2026-04-22,2026-04-26,4,7110.086108745171,6881.0,off
2026-04-22,2026-04-27,5,6516.164929822573,6179.0,off
2026-04-22,2026-04-28,6,6754.011564177136,6576.0,off
2026-04-22,2026-04-29,7,6734.882367207742,6408.0,off
2026-04-29,2026-04-30,1,6855.567566361724,7108.0,off
2026-04-29,2026-05-01,2,7949.0070639418045,8653.0,off
2026-04-29,2026-05-02,3,7940.047179702639,8249.0,off
2026-04-29,2026-05-03,4,7495.830786360739,7780.0,off
2026-04-29,2026-05-04,5,7000.005163187012,7153.0,off
2026-04-29,2026-05-05,6,6737.313557975206,6694.0,off
2026-04-29,2026-05-06,7,6640.260536118864,6063.0,off
2026-05-06,2026-05-07,1,6614.833932090503,6236.0,off
2026-05-06,2026-05-08,2,6794.147738479708,6738.0,off
2026-05-06,2026-05-09,3,7094.279787854794,7120.0,off
2026-05-06,2026-05-10,4,7167.539857371745,6714.0,off
2026-05-06,2026-05-11,5,6543.963402918345,6780.0,off
2026-05-06,2026-05-12,6,6740.343227725252,6903.0,off
2026-05-06,2026-05-13,7,6648.493554187753,6671.0,off
