date,demand,floortables
1/1/2015,5890,210
1/2/2015,5821,220
1/3/2015,5347,220
1/4/2015,5136,220
1/5/2015,5029,220
1/6/2015,5049,220
1/7/2015,4844,220
1/8/2015,5315,220
1/9/2015,5317,220
1/10/2015,5999,220
1/11/2015,5560,220
1/12/2015,4979,220
1/13/2015,5365,220
1/14/2015,5351,220
1/15/2015,5153,220
1/16/2015,5494,220
1/17/2015,5973,220
1/18/2015,5311,220
1/19/2015,4975,220
1/20/2015,4769,220
1/21/2015,4895,220
1/22/2015,5480,220
1/23/2015,5582,220
1/24/2015,5652,220
1/25/2015,5013,220
1/26/2015,4852,220
1/27/2015,4770,220
1/28/2015,5009,220
1/29/2015,5177,220
1/30/2015,5429,220
1/31/2015,5449,220
2/1/2015,5301,220
2/2/2015,4672,218
2/3/2015,4740,218
2/4/2015,4829,218
2/5/2015,4844,218
2/6/2015,5322,218
2/7/2015,5677,218
2/8/2015,5472,218
2/9/2015,4898,218
2/10/2015,5027,218
2/11/2015,4646,218
2/12/2015,4677,218
2/13/2015,4826,218
2/14/2015,4680,218
2/15/2015,4194,218
2/16/2015,3686,218
2/17/2015,3171,218
2/18/2015,2898,218
2/19/2015,4393,218
2/20/2015,4973,237
2/21/2015,5738,237
2/22/2015,5839,237
2/23/2015,6490,237
2/24/2015,6645,237
2/25/2015,5806,237
2/26/2015,6083,237
2/27/2015,6017,237
2/28/2015,5704,237
3/1/2015,4991,220
3/2/2015,4767,218
3/3/2015,4745,218
3/4/2015,4552,218
3/5/2015,4104,218
3/6/2015,4883,218
3/7/2015,5505,218
3/8/2015,5182,218
3/9/2015,4899,218
3/10/2015,5167,218
3/11/2015,5628,218
3/12/2015,5453,218
3/13/2015,5370,218
3/14/2015,5817,218
3/15/2015,4670,218
3/16/2015,4337,218
3/17/2015,4367,218
3/18/2015,4647,218
3/19/2015,4570,220
3/20/2015,4758,220
3/21/2015,5390,220
3/22/2015,4953,220
3/23/2015,4021,220
3/24/2015,4358,220
3/25/2015,4546,220
3/26/2015,4723,220
3/27/2015,4885,220
3/28/2015,5491,220
3/29/2015,4921,220
3/30/2015,4541,220
3/31/2015,4332,220
4/1/2015,4245,224
4/2/2015,4044,224
4/3/2015,4300,224
4/4/2015,4671,224
4/5/2015,4937,224
4/6/2015,4606,224
4/7/2015,3969,224
4/8/2015,4052,224
4/9/2015,4400,224
4/10/2015,4992,224
4/11/2015,5623,224
4/12/2015,4729,224
4/13/2015,4468,224
4/14/2015,4601,224
4/15/2015,4553,224
4/16/2015,4597,224
4/17/2015,4836,224
4/18/2015,5781,224
4/19/2015,4801,224
4/20/2015,4536,222
4/21/2015,4626,222
4/22/2015,4689,222
4/23/2015,4508,222
4/24/2015,5083,222
4/25/2015,5323,222
4/26/2015,4546,222
4/27/2015,4278,222
4/28/2015,4475,224
4/29/2015,4762,223
4/30/2015,5090,223
5/1/2015,5990,223
5/2/2015,5644,223
5/3/2015,4774,223
5/4/2015,3985,223
5/5/2015,4164,223
5/6/2015,4436,223
5/7/2015,4345,223
5/8/2015,4729,223
5/9/2015,5039,223
5/10/2015,4866,223
5/11/2015,4258,223
5/12/2015,4525,223
5/13/2015,4667,223
5/14/2015,4777,223
5/15/2015,4832,223
5/16/2015,5714,223
5/17/2015,4857,223
5/18/2015,4300,223
5/19/2015,4175,219
5/20/2015,4611,219
5/21/2015,4517,219
5/22/2015,5070,219
5/23/2015,5479,219
5/24/2015,5010,219
5/25/2015,4404,219
5/26/2015,4233,219
5/27/2015,4600,219
5/28/2015,4677,219
5/29/2015,5041,219
5/30/2015,5459,219
5/31/2015,4830,219
6/1/2015,3959,219
6/2/2015,3744,221
6/3/2015,4339,221
6/4/2015,4163,221
6/5/2015,4852,221
6/6/2015,5414,221
6/7/2015,4476,221
6/8/2015,4049,221
6/9/2015,4060,221
6/10/2015,4524,221
6/11/2015,4405,221
6/12/2015,4829,221
6/13/2015,5260,221
6/14/2015,4653,221
6/15/2015,4305,221
6/16/2015,4082,221
6/17/2015,4047,221
6/18/2015,3992,221
6/19/2015,3891,221
6/20/2015,4730,221
6/21/2015,4687,221
6/22/2015,3977,221
6/23/2015,3783,221
6/24/2015,4043,221
6/25/2015,4126,221
6/26/2015,4412,221
6/27/2015,5010,221
6/28/2015,4446,221
6/29/2015,3945,221
6/30/2015,4049,221
7/1/2015,4513,221
7/2/2015,4129,221
7/3/2015,4807,221
7/4/2015,5010,221
7/5/2015,4350,221
7/6/2015,4229,221
7/7/2015,4104,221
7/8/2015,4662,221
7/9/2015,4253,221
7/10/2015,4875,221
7/11/2015,5342,221
7/12/2015,4656,221
7/13/2015,3995,221
7/14/2015,3939,221
7/15/2015,4169,221
7/16/2015,4499,221
7/17/2015,4787,221
7/18/2015,5384,221
7/19/2015,4659,221
7/20/2015,4096,221
7/21/2015,4201,221
7/22/2015,4343,221
7/23/2015,4370,221
7/24/2015,4441,221
7/25/2015,5262,221
7/26/2015,4723,221
7/27/2015,4350,221
7/28/2015,4439,221
7/29/2015,4104,221
7/30/2015,4064,221
7/31/2015,4383,221
8/1/2015,5105,221
8/2/2015,4693,221
8/3/2015,4267,221
8/4/2015,4092,221
8/5/2015,4512,221
8/6/2015,4210,221
8/7/2015,4667,221
8/8/2015,5177,221
8/9/2015,4711,221
8/10/2015,4105,221
8/11/2015,4142,221
8/12/2015,4129,221
8/13/2015,4181,217
8/14/2015,4605,217
8/15/2015,5476,217
8/16/2015,4968,217
8/17/2015,4150,217
8/18/2015,4238,221
8/19/2015,4232,221
8/20/2015,4112,221
8/21/2015,4460,221
8/22/2015,4990,221
8/23/2015,4511,221
8/24/2015,3794,221
8/25/2015,3990,221
8/26/2015,3973,221
8/27/2015,3723,221
8/28/2015,3894,221
8/29/2015,4277,221
8/30/2015,4088,221
8/31/2015,3273,221
9/1/2015,3277,219
9/2/2015,4037,219
9/3/2015,4943,219
9/4/2015,5177,219
9/5/2015,4648,219
9/6/2015,4128,219
9/7/2015,3905,219
9/8/2015,4291,219
9/9/2015,4249,219
9/10/2015,4205,219
9/11/2015,4673,219
9/12/2015,4738,219
9/13/2015,4116,219
9/14/2015,3727,221
9/15/2015,3851,221
9/16/2015,3997,221
9/17/2015,4043,221
9/18/2015,4483,221
9/19/2015,5080,221
9/20/2015,4345,221
9/21/2015,3780,221
9/22/2015,4117,221
9/23/2015,4119,221
9/24/2015,3714,221
9/25/2015,3462,221
9/26/2015,3606,224
9/27/2015,3094,224
9/28/2015,3482,226
9/29/2015,4114,226
9/30/2015,4510,233
10/1/2015,4616,233
10/2/2015,5164,233
10/3/2015,5168,233
10/4/2015,5266,233
10/5/2015,4768,233
10/6/2015,4705,233
10/7/2015,3814,233
10/8/2015,3387,226
10/9/2015,3648,226
10/10/2015,3879,226
10/11/2015,3534,226
10/12/2015,3558,226
10/13/2015,3607,226
10/14/2015,3840,226
10/15/2015,3715,226
10/16/2015,4100,226
10/17/2015,4486,226
10/18/2015,4023,226
10/19/2015,3460,226
10/20/2015,3781,226
10/21/2015,3535,226
10/22/2015,3516,226
10/23/2015,4031,226
10/24/2015,4522,226
10/25/2015,3981,226
10/26/2015,3793,226
10/27/2015,3743,226
10/28/2015,3775,226
10/29/2015,3613,224
10/30/2015,3790,224
10/31/2015,4474,224
11/1/2015,3710,224
11/2/2015,3013,224
11/3/2015,2855,224
11/4/2015,3092,224
11/5/2015,3480,224
11/6/2015,4008,224
11/7/2015,4733,224
11/8/2015,4014,224
11/9/2015,3863,224
11/10/2015,3382,224
11/11/2015,3554,224
11/12/2015,3734,224
11/13/2015,3964,224
11/14/2015,4552,224
11/15/2015,3525,224
11/16/2015,3306,224
11/17/2015,3336,226
11/18/2015,3606,226
11/19/2015,3579,226
11/20/2015,3983,226
11/21/2015,4446,226
11/22/2015,4008,226
11/23/2015,3470,226
11/24/2015,3788,226
11/25/2015,3759,226
11/26/2015,3730,226
11/27/2015,3944,226
11/28/2015,4449,226
11/29/2015,4138,226
11/30/2015,3264,226
12/1/2015,3296,226
12/2/2015,3341,226
12/3/2015,3636,226
12/4/2015,3665,226
12/5/2015,4059,226
12/6/2015,3800,226
12/7/2015,3629,226
12/8/2015,3441,226
12/9/2015,3539,226
12/10/2015,3864,226
12/11/2015,4080,226
12/12/2015,4352,226
12/13/2015,4054,226
12/14/2015,3407,226
12/15/2015,3594,226
12/16/2015,3860,226
12/17/2015,3708,226
12/18/2015,4128,226
12/19/2015,4368,226
12/20/2015,3914,226
12/21/2015,3310,231
12/22/2015,3436,231
12/23/2015,3834,231
12/24/2015,4142,231
12/25/2015,4585,231
12/26/2015,4816,231
12/27/2015,4128,231
12/28/2015,3739,231
12/29/2015,3749,231
12/30/2015,3946,231
12/31/2015,4070,231
1/1/2016,4886,231
1/2/2016,4822,231
1/3/2016,3696,231
1/4/2016,3484,231
1/5/2016,3595,231
1/6/2016,3695,231
1/7/2016,3738,229
1/8/2016,4008,229
1/9/2016,4650,229
1/10/2016,4053,229
1/11/2016,3606,229
1/12/2016,3823,229
1/13/2016,3808,229
1/14/2016,4037,229
1/15/2016,4387,229
1/16/2016,4742,229
1/17/2016,3847,229
1/18/2016,3630,229
1/19/2016,3458,229
1/20/2016,3366,231
1/21/2016,3355,231
1/22/2016,3893,231
1/23/2016,4158,231
1/24/2016,3572,231
1/25/2016,3016,231
1/26/2016,3436,231
1/27/2016,3428,231
1/28/2016,3300,231
1/29/2016,3660,231
1/30/2016,3611,231
1/31/2016,3521,231
2/1/2016,2938,231
2/2/2016,3115,231
2/3/2016,3035,231
2/4/2016,2813,231
2/5/2016,2491,231
2/6/2016,2062,231
2/7/2016,1861,231
2/8/2016,2755,231
2/9/2016,3225,237
2/10/2016,3989,237
2/11/2016,4848,237
2/12/2016,5070,237
2/13/2016,5007,237
2/14/2016,4315,237
2/15/2016,3913,237
2/16/2016,4027,237
2/17/2016,3726,237
2/18/2016,4069,229
2/19/2016,3999,229
2/20/2016,4341,229
2/21/2016,3272,229
2/22/2016,2625,229
2/23/2016,2799,229
2/24/2016,3116,229
2/25/2016,3507,229
2/26/2016,4186,229
2/27/2016,4525,229
2/28/2016,4282,229
2/29/2016,3918,229
3/1/2016,3790,229
3/2/2016,4035,229
3/3/2016,4116,229
3/4/2016,4154,229
3/5/2016,4587,229
3/6/2016,3977,229
3/7/2016,3417,229
3/8/2016,3505,231
3/9/2016,3330,231
3/10/2016,3538,231
3/11/2016,4041,231
3/12/2016,4492,231
3/13/2016,3796,231
3/14/2016,3164,231
3/15/2016,3588,231
3/16/2016,3457,231
3/17/2016,3433,231
3/18/2016,3767,231
3/19/2016,4351,231
3/20/2016,3889,231
3/21/2016,3190,229
3/22/2016,3320,229
3/23/2016,3650,229
3/24/2016,3692,229
3/25/2016,4352,229
3/26/2016,4709,229
3/27/2016,3978,229
3/28/2016,3238,229
3/29/2016,3144,229
3/30/2016,3288,229
3/31/2016,3385,229
4/1/2016,3846,231
4/2/2016,4241,231
4/3/2016,4469,231
4/4/2016,3379,231
4/5/2016,2694,231
4/6/2016,2890,231
4/7/2016,3231,231
4/8/2016,3869,231
4/9/2016,4565,231
4/10/2016,3991,231
4/11/2016,3685,231
4/12/2016,3403,231
4/13/2016,3331,231
4/14/2016,3699,231
4/15/2016,4047,231
4/16/2016,4548,231
4/17/2016,4118,231
4/18/2016,3677,229
4/19/2016,3632,229
4/20/2016,3695,229
4/21/2016,3539,229
4/22/2016,4039,229
4/23/2016,4411,229
4/24/2016,3937,229
4/25/2016,3552,229
4/26/2016,3403,229
4/27/2016,3620,229
4/28/2016,3743,229
4/29/2016,4125,229
4/30/2016,4682,229
5/1/2016,5237,231
5/2/2016,4285,231
5/3/2016,3642,231
5/4/2016,3488,231
5/5/2016,3602,231
5/6/2016,3841,231
5/7/2016,4074,231
5/8/2016,3437,231
5/9/2016,3123,231
5/10/2016,3314,231
5/11/2016,3559,231
5/12/2016,3621,231
5/13/2016,4047,231
5/14/2016,4779,231
5/15/2016,3982,231
5/16/2016,3558,231
5/17/2016,3284,229
5/18/2016,3695,229
5/19/2016,3784,229
5/20/2016,3797,229
5/21/2016,4444,229
5/22/2016,3685,229
5/23/2016,3428,229
5/24/2016,3330,229
5/25/2016,3759,229
5/26/2016,3792,229
5/27/2016,4040,229
5/28/2016,4714,229
5/29/2016,3932,229
5/30/2016,3502,229
5/31/2016,3384,229
6/1/2016,3314,231
6/2/2016,3530,231
6/3/2016,3823,231
6/4/2016,4109,231
6/5/2016,3767,231
6/6/2016,3631,231
6/7/2016,3232,231
6/8/2016,3414,231
6/9/2016,4148,231
6/10/2016,4242,231
6/11/2016,3894,231
6/12/2016,3499,231
6/13/2016,3570,231
6/14/2016,3673,231
6/15/2016,3649,231
6/16/2016,3816,231
6/17/2016,3830,231
6/18/2016,4470,231
6/19/2016,3667,231
6/20/2016,3421,231
6/21/2016,3436,231
6/22/2016,3498,231
6/23/2016,3656,231
6/24/2016,4119,231
6/25/2016,4826,231
6/26/2016,3883,231
6/27/2016,3476,231
6/28/2016,3354,231
6/29/2016,3445,231
6/30/2016,3586,231
7/1/2016,3796,231
7/2/2016,4432,231
7/3/2016,4040,231
7/4/2016,3369,229
7/5/2016,3393,229
7/6/2016,3807,229
7/7/2016,3762,229
7/8/2016,4024,229
7/9/2016,4591,229
7/10/2016,4241,229
7/11/2016,3631,229
7/12/2016,4108,229
7/13/2016,3897,229
7/14/2016,3885,229
7/15/2016,4050,196
7/16/2016,4345,196
7/17/2016,3920,196
7/18/2016,3504,196
7/19/2016,3701,196
7/20/2016,4083,192
7/21/2016,3952,225
7/22/2016,4157,225
7/23/2016,4905,225
7/24/2016,4307,225
7/25/2016,3772,225
7/26/2016,3554,225
7/27/2016,3578,184
7/28/2016,3610,184
7/29/2016,4035,184
7/30/2016,4819,184
7/31/2016,4192,229
8/1/2016,3302,195
8/2/2016,3197,195
8/3/2016,3346,195
8/4/2016,3823,195
8/5/2016,4316,229
8/6/2016,4681,229
8/7/2016,4261,229
8/8/2016,3556,185
8/9/2016,3492,185
8/10/2016,3418,185
8/11/2016,3575,229
8/12/2016,4040,229
8/13/2016,4469,229
8/14/2016,4075,229
8/15/2016,3499,216
8/16/2016,3593,216
8/17/2016,3589,216
8/18/2016,3824,216
8/19/2016,4042,216
8/20/2016,4605,229
8/21/2016,4151,229
8/22/2016,3997,229
8/23/2016,3958,188
8/24/2016,3760,188
8/25/2016,3687,188
8/26/2016,4080,229
8/27/2016,4615,229
8/28/2016,4192,229
8/29/2016,3343,229
8/30/2016,3139,227
8/31/2016,2978,227
9/1/2016,3262,229
9/2/2016,3914,229
9/3/2016,4557,229
9/4/2016,4066,229
9/5/2016,3866,191
9/6/2016,4025,191
9/7/2016,3917,191
9/8/2016,3998,229
9/9/2016,3962,229
9/10/2016,4417,229
9/11/2016,3775,229
9/12/2016,3405,212
9/13/2016,3100,212
9/14/2016,2780,212
9/15/2016,2947,212
9/16/2016,3732,212
9/17/2016,3625,212
9/18/2016,3429,212
9/19/2016,3446,212
9/20/2016,3520,212
9/21/2016,3583,212
9/22/2016,3761,209
9/23/2016,3907,209
9/24/2016,4334,209
9/25/2016,3882,209
9/26/2016,3571,209
9/27/2016,3437,209
9/28/2016,3400,209
9/29/2016,3566,209
9/30/2016,3910,209
10/1/2016,4529,211
10/2/2016,4934,211
10/3/2016,4787,211
10/4/2016,4769,211
10/5/2016,4484,211
10/6/2016,4288,211
10/7/2016,3645,211
10/8/2016,3162,211
10/9/2016,3141,209
10/10/2016,3326,209
10/11/2016,3220,209
10/12/2016,3535,209
10/13/2016,3748,209
10/14/2016,4268,209
10/15/2016,4122,209
10/16/2016,3793,209
10/17/2016,3506,209
10/18/2016,3559,209
10/19/2016,3509,209
10/20/2016,3361,209
10/21/2016,3588,209
10/22/2016,4138,209
10/23/2016,3589,209
10/24/2016,3218,209
10/25/2016,3442,209
10/26/2016,3569,209
10/27/2016,3764,209
10/28/2016,3840,209
10/29/2016,4271,209
10/30/2016,3856,209
10/31/2016,3377,209
11/1/2016,3175,209
11/2/2016,3445,209
11/3/2016,3633,209
11/4/2016,3666,209
11/5/2016,4080,209
11/6/2016,3758,209
11/7/2016,3406,209
11/8/2016,3773,209
11/9/2016,3616,209
11/10/2016,3932,209
11/11/2016,4006,209
11/12/2016,4511,209
11/13/2016,3815,209
11/14/2016,3540,209
11/15/2016,3512,209
11/16/2016,3660,209
11/17/2016,3661,209
11/18/2016,3962,209
11/19/2016,4432,209
11/20/2016,3961,209
11/21/2016,3364,209
11/22/2016,3370,209
11/23/2016,3689,209
11/24/2016,3779,209
11/25/2016,4155,209
11/26/2016,4293,209
11/27/2016,3918,209
11/28/2016,3604,209
11/29/2016,3540,209
11/30/2016,3615,209
12/1/2016,3775,209
12/2/2016,3916,209
12/3/2016,4536,209
12/4/2016,3909,209
12/5/2016,3343,209
12/6/2016,3632,209
12/7/2016,3782,209
12/8/2016,3933,209
12/9/2016,4134,209
12/10/2016,4587,209
12/11/2016,3880,209
12/12/2016,3597,209
12/13/2016,3499,209
12/14/2016,3847,209
12/15/2016,3629,209
12/16/2016,3711,209
12/17/2016,4180,209
12/18/2016,3900,209
12/19/2016,3626,209
12/20/2016,3751,209
12/21/2016,3564,209
12/22/2016,3767,209
12/23/2016,4173,209
12/24/2016,4382,209
12/25/2016,4125,209
12/26/2016,4031,209
12/27/2016,4134,209
12/28/2016,3977,209
12/29/2016,3736,209
12/30/2016,4127,209
12/31/2016,4749,209
1/1/2017,4654,209
1/2/2017,4449,209
1/3/2017,3658,209
1/4/2017,3995,209
1/5/2017,3985,209
1/6/2017,4301,209
1/7/2017,4691,209
1/8/2017,4233,209
1/9/2017,3909,209
1/10/2017,3815,209
1/11/2017,3792,209
1/12/2017,4096,209
1/13/2017,4227,209
1/14/2017,4514,209
1/15/2017,4320,209
1/16/2017,3807,209
1/17/2017,3768,209
1/18/2017,3894,209
1/19/2017,3692,209
1/20/2017,3838,209
1/21/2017,4243,209
1/22/2017,3829,209
1/23/2017,3143,209
1/24/2017,3124,209
1/25/2017,2712,209
1/26/2017,2098,209
1/27/2017,1996,209
1/28/2017,2949,209
1/29/2017,3622,217
1/30/2017,4184,217
1/31/2017,4624,217
2/1/2017,4877,217
2/2/2017,4501,217
2/3/2017,4511,217
2/4/2017,4622,217
2/5/2017,4385,217
2/6/2017,4460,217
2/7/2017,4297,209
2/8/2017,4243,209
2/9/2017,4403,207
2/10/2017,4253,207
2/11/2017,3870,207
2/12/2017,3634,207
2/13/2017,3717,207
2/14/2017,3869,207
2/15/2017,4162,207
2/16/2017,4484,208
2/17/2017,4488,208
2/18/2017,5000,208
2/19/2017,4535,208
2/20/2017,3766,208
2/21/2017,3533,208
2/22/2017,3527,208
2/23/2017,3781,208
2/24/2017,4114,208
2/25/2017,4549,208
2/26/2017,3995,208
2/27/2017,3604,208
2/28/2017,3675,210
3/1/2017,3684,210
3/2/2017,3658,210
3/3/2017,4432,210
3/4/2017,4656,210
3/5/2017,4158,210
3/6/2017,3910,210
3/7/2017,3998,208
3/8/2017,3691,210
3/9/2017,3909,210
3/10/2017,4748,210
3/11/2017,5026,210
3/12/2017,4330,210
3/13/2017,3597,210
3/14/2017,3600,210
3/15/2017,3720,210
3/16/2017,3930,210
3/17/2017,4475,210
3/18/2017,4506,210
3/19/2017,4387,210
3/20/2017,3935,210
3/21/2017,3822,210
3/22/2017,3917,210
3/23/2017,4208,210
3/24/2017,4478,210
3/25/2017,4915,210
3/26/2017,4303,210
3/27/2017,3757,210
3/28/2017,3925,210
3/29/2017,3756,206
3/30/2017,4260,206
3/31/2017,4020,206
4/1/2017,4251,206
4/2/2017,4254,206
4/3/2017,4083,206
4/4/2017,3688,206
4/5/2017,3153,206
4/6/2017,3545,206
4/7/2017,3737,206
4/8/2017,4314,206
4/9/2017,4073,206
4/10/2017,3622,210
4/11/2017,3716,210
4/12/2017,4151,210
4/13/2017,4006,210
4/14/2017,4316,210
4/15/2017,4580,210
4/16/2017,4252,210
4/17/2017,3744,210
4/18/2017,3804,210
4/19/2017,3677,210
4/20/2017,3995,210
4/21/2017,4254,210
4/22/2017,4798,210
4/23/2017,4355,210
4/24/2017,3776,210
4/25/2017,3775,210
4/26/2017,3994,210
4/27/2017,3915,210
4/28/2017,4111,210
4/29/2017,4981,217
4/30/2017,5543,217
5/1/2017,5121,217
5/2/2017,4492,217
5/3/2017,3970,217
5/4/2017,4252,217
5/5/2017,3948,217
5/6/2017,4525,217
5/7/2017,4075,217
5/8/2017,3725,210
5/9/2017,4129,210
5/10/2017,4162,210
5/11/2017,4178,210
5/12/2017,4126,210
5/13/2017,4423,210
5/14/2017,3796,210
5/15/2017,3700,210
5/16/2017,3699,210
5/17/2017,4030,210
5/18/2017,4065,210
5/19/2017,4166,210
5/20/2017,4588,210
5/21/2017,3974,210
5/22/2017,3854,210
5/23/2017,3918,210
5/24/2017,3910,210
5/25/2017,4235,210
5/26/2017,4088,210
5/27/2017,4369,210
5/28/2017,4454,210
5/29/2017,4225,210
5/30/2017,3527,210
5/31/2017,3033,210
6/1/2017,3022,210
6/2/2017,3336,210
6/3/2017,4086,210
6/4/2017,4142,210
6/5/2017,3539,210
6/6/2017,3714,210
6/7/2017,3972,210
6/8/2017,3823,210
6/9/2017,3999,210
6/10/2017,4536,210
6/11/2017,4385,210
6/12/2017,3636,210
6/13/2017,3911,210
6/14/2017,4119,210
6/15/2017,3852,210
6/16/2017,3884,210
6/17/2017,4188,210
6/18/2017,3728,210
6/19/2017,3493,210
6/20/2017,3608,210
6/21/2017,4103,209
6/22/2017,3880,210
6/23/2017,4131,210
6/24/2017,4492,210
6/25/2017,3895,210
6/26/2017,3880,210
6/27/2017,4048,210
6/28/2017,4097,210
6/29/2017,4139,210
6/30/2017,4363,210
7/1/2017,4752,210
7/2/2017,4193,210
7/3/2017,3544,210
7/4/2017,3681,210
7/5/2017,3865,210
7/6/2017,3707,210
7/7/2017,4118,210
7/8/2017,4767,210
7/9/2017,4521,210
7/10/2017,3698,210
7/11/2017,3702,210
7/12/2017,3849,210
7/13/2017,3748,210
7/14/2017,4137,210
7/15/2017,4315,210
7/16/2017,4304,210
7/17/2017,3551,210
7/18/2017,3594,210
7/19/2017,3834,210
7/20/2017,3984,210
7/21/2017,4451,210
7/22/2017,4781,210
7/23/2017,4479,210
7/24/2017,4076,210
7/25/2017,4125,210
7/26/2017,4205,210
7/27/2017,4221,210
7/28/2017,4433,210
7/29/2017,4767,210
7/30/2017,4075,210
7/31/2017,3454,210
8/1/2017,3670,210
8/2/2017,3924,210
8/3/2017,4149,210
8/4/2017,4612,210
8/5/2017,4779,210
8/6/2017,4925,210
8/7/2017,4141,210
8/8/2017,4152,210
8/9/2017,4141,210
8/10/2017,4068,210
8/11/2017,3958,210
8/12/2017,4473,210
8/13/2017,4245,210
8/14/2017,3635,210
8/15/2017,4168,210
8/16/2017,4313,210
8/17/2017,4306,210
8/18/2017,4350,210
8/19/2017,4791,210
8/20/2017,4170,210
8/21/2017,3935,210
8/22/2017,3777,210
8/23/2017,3346,210
8/24/2017,4135,210
8/25/2017,4166,210
8/26/2017,3762,210
8/27/2017,3452,210
8/28/2017,3099,210
8/29/2017,3265,210
8/30/2017,3674,210
8/31/2017,3701,223
9/1/2017,4332,206
9/2/2017,4698,206
9/3/2017,4195,206
9/4/2017,3785,206
9/5/2017,4176,206
9/6/2017,4746,206
9/7/2017,4786,206
9/8/2017,4669,206
9/9/2017,4909,206
9/10/2017,4454,206
9/11/2017,3968,210
9/12/2017,4239,210
9/13/2017,4082,210
9/14/2017,4543,210
9/15/2017,4289,210
9/16/2017,4835,210
9/17/2017,4501,210
9/18/2017,3833,210
9/19/2017,3766,210
9/20/2017,4029,210
9/21/2017,4241,210
9/22/2017,4113,210
9/23/2017,4610,210
9/24/2017,4053,210
9/25/2017,3915,210
9/26/2017,3730,210
9/27/2017,3984,210
9/28/2017,3846,210
9/29/2017,3885,210
9/30/2017,4041,210
10/1/2017,4231,223
10/2/2017,4569,223
10/3/2017,4310,223
10/4/2017,3639,223
10/5/2017,4058,223
10/6/2017,4567,223
10/7/2017,4170,223
10/8/2017,3329,223
10/9/2017,3083,210
10/10/2017,3156,210
10/11/2017,3490,210
10/12/2017,3910,210
10/13/2017,4452,210
10/14/2017,4671,210
10/15/2017,3835,210
10/16/2017,4086,210
10/17/2017,4105,210
10/18/2017,3793,210
10/19/2017,4136,210
10/20/2017,4086,210
10/21/2017,4765,210
10/22/2017,3897,210
10/23/2017,3898,210
10/24/2017,3693,210
10/25/2017,3770,210
10/26/2017,3844,210
10/27/2017,4232,210
10/28/2017,4719,210
10/29/2017,3975,210
10/30/2017,3654,208
10/31/2017,3572,208
11/1/2017,3759,208
11/2/2017,4137,208
11/3/2017,4388,208
11/4/2017,4610,208
11/5/2017,4146,208
11/6/2017,3683,208
11/7/2017,3499,208
11/8/2017,3792,208
11/9/2017,4129,208
11/10/2017,4383,208
11/11/2017,4490,208
11/12/2017,3825,208
11/13/2017,3680,208
11/14/2017,3551,208
11/15/2017,3719,208
11/16/2017,3953,208
11/17/2017,4029,208
11/18/2017,4639,208
11/19/2017,4002,208
11/20/2017,4303,208
11/21/2017,4142,208
11/22/2017,3998,208
11/23/2017,4125,208
11/24/2017,3866,208
11/25/2017,4569,208
11/26/2017,3948,208
11/27/2017,3673,208
11/28/2017,3869,208
11/29/2017,4020,208
11/30/2017,3843,208
12/1/2017,4038,208
12/2/2017,4765,208
12/3/2017,3940,208
12/4/2017,3282,200
12/5/2017,3861,208
12/6/2017,3817,208
12/7/2017,4022,208
12/8/2017,4378,208
12/9/2017,4429,208
12/10/2017,3831,208
12/11/2017,3633,210
12/12/2017,3594,210
12/13/2017,3968,210
12/14/2017,4109,210
12/15/2017,4214,210
12/16/2017,4272,210
12/17/2017,3786,210
12/18/2017,3423,210
12/19/2017,3755,210
12/20/2017,3783,210
12/21/2017,4043,210
12/22/2017,3480,210
12/23/2017,4409,210
12/24/2017,4625,210
12/25/2017,4103,210
12/26/2017,3745,210
12/27/2017,3850,210
12/28/2017,4052,210
12/29/2017,4251,210
12/30/2017,4365,210
12/31/2017,4582,210
1/1/2018,4042,210
1/2/2018,3592,210
1/3/2018,3560,210
1/4/2018,3829,210
1/5/2018,4354,210
1/6/2018,4511,210
1/7/2018,3923,210
1/8/2018,3787,210
1/9/2018,3517,210
1/10/2018,3840,210
1/11/2018,4565,210
1/12/2018,4297,210
1/13/2018,4781,210
1/14/2018,4185,210
1/15/2018,3541,210
1/16/2018,3634,210
1/17/2018,3786,210
1/18/2018,4056,210
1/19/2018,4252,210
1/20/2018,4415,210
1/21/2018,3794,210
1/22/2018,3355,210
1/23/2018,3655,210
1/24/2018,3784,210
1/25/2018,3990,210
1/26/2018,3806,210
1/27/2018,4146,210
1/28/2018,4080,210
1/29/2018,3658,210
1/30/2018,3684,210
1/31/2018,3546,210
2/1/2018,3785,206
2/2/2018,4371,206
2/3/2018,5036,206
2/4/2018,4599,206
2/5/2018,4530,206
2/6/2018,4160,206
2/7/2018,3991,206
2/8/2018,4160,206
2/9/2018,3902,206
2/10/2018,3900,206
2/11/2018,3518,210
2/12/2018,2920,210
2/13/2018,2692,210
2/14/2018,1939,210
2/15/2018,1597,210
2/16/2018,2422,210
2/17/2018,3057,212
2/18/2018,4059,212
2/19/2018,4275,212
2/20/2018,4299,212
2/21/2018,4295,212
2/22/2018,4123,212
2/23/2018,4108,212
2/24/2018,4149,212
2/25/2018,3439,212
2/26/2018,3633,212
2/27/2018,3933,212
2/28/2018,3724,212
3/1/2018,3093,210
3/2/2018,3217,210
3/3/2018,3687,205
3/4/2018,3908,210
3/5/2018,3596,210
3/6/2018,3414,210
3/7/2018,3954,210
3/8/2018,3862,210
3/9/2018,4735,210
3/10/2018,4877,210
3/11/2018,4411,210
3/12/2018,3788,210
3/13/2018,3954,210
3/14/2018,4016,210
3/15/2018,4067,210
3/16/2018,4345,210
3/17/2018,4647,210
3/18/2018,4196,210
3/19/2018,4027,210
3/20/2018,3886,210
3/21/2018,3578,210
3/22/2018,4050,210
3/23/2018,4266,210
3/24/2018,4717,210
3/25/2018,4040,210
3/26/2018,3856,210
3/27/2018,3798,210
3/28/2018,3596,210
3/29/2018,4108,210
3/30/2018,4368,210
3/31/2018,4394,210
4/1/2018,4016,208
4/2/2018,3500,208
4/3/2018,3138,208
4/4/2018,3009,208
4/5/2018,3496,208
4/6/2018,4049,208
4/7/2018,3947,208
4/8/2018,3395,208
4/9/2018,3344,208
4/10/2018,4079,208
4/11/2018,4019,208
4/12/2018,3776,208
4/13/2018,4308,208
4/14/2018,4599,208
4/15/2018,3895,208
4/16/2018,3728,208
4/17/2018,3766,208
4/18/2018,3552,208
4/19/2018,4087,208
4/20/2018,4220,208
4/21/2018,4883,203
4/22/2018,4384,203
4/23/2018,3522,208
4/24/2018,3993,208
4/25/2018,4034,208
4/26/2018,3987,208
4/27/2018,3686,208
4/28/2018,4188,208
4/29/2018,4613,208
4/30/2018,4630,208
5/1/2018,4103,208
5/2/2018,3344,208
5/3/2018,3210,208
5/4/2018,4015,208
5/5/2018,3807,208
5/6/2018,3629,208
5/7/2018,3508,208
5/8/2018,3609,208
5/9/2018,3839,208
5/10/2018,3767,208
5/11/2018,3686,208
5/12/2018,4127,208
5/13/2018,3488,208
5/14/2018,3400,214
5/15/2018,3322,214
5/16/2018,3341,214
5/17/2018,3841,214
5/18/2018,4329,214
5/19/2018,4430,214
5/20/2018,3716,214
5/21/2018,3724,214
5/22/2018,3580,214
5/23/2018,3544,214
5/24/2018,3471,214
5/25/2018,3946,209
5/26/2018,4372,209
5/27/2018,3869,209
5/28/2018,3703,209
5/29/2018,3586,209
5/30/2018,3508,209
5/31/2018,3624,209
6/1/2018,3747,205
6/2/2018,4204,200
6/3/2018,3816,205
6/4/2018,3581,205
6/5/2018,3458,205
6/6/2018,3677,205
6/7/2018,3943,205
6/8/2018,4070,205
6/9/2018,4618,205
6/10/2018,3803,205
6/11/2018,3604,205
6/12/2018,3668,194
6/13/2018,3408,194
6/14/2018,3665,194
6/15/2018,3593,202
6/16/2018,3980,202
6/17/2018,4237,202
6/18/2018,3726,202
6/19/2018,3182,202
6/20/2018,3520,202
6/21/2018,3701,202
6/22/2018,4145,202
6/23/2018,4373,197
6/24/2018,3839,161
6/25/2018,3410,166
6/26/2018,3459,166
6/27/2018,3775,166
6/28/2018,3877,166
6/29/2018,3962,166
6/30/2018,4556,166
7/1/2018,4293,166
7/2/2018,3841,188
7/3/2018,3583,188
7/4/2018,4030,188
7/5/2018,4187,188
7/6/2018,4481,188
7/7/2018,4975,188
7/8/2018,4425,188
7/9/2018,3972,188
7/10/2018,4010,188
7/11/2018,3918,183
7/12/2018,4357,183
7/13/2018,4679,188
7/14/2018,5016,188
7/15/2018,4483,188
7/16/2018,4291,188
7/17/2018,4265,188
7/18/2018,4700,188
7/19/2018,4913,188
7/20/2018,4752,188
7/21/2018,5116,188
7/22/2018,5092,188
7/23/2018,4269,188
7/24/2018,4231,188
7/25/2018,4691,181
7/26/2018,4421,188
7/27/2018,4547,188
7/28/2018,4788,188
7/29/2018,4566,188
7/30/2018,4027,188
7/31/2018,4246,188
8/1/2018,4205,188
8/2/2018,4314,188
8/3/2018,4709,188
8/4/2018,4810,188
8/5/2018,4575,188
8/6/2018,4282,186
8/7/2018,4311,186
8/8/2018,4534,186
8/9/2018,4461,186
8/10/2018,4673,186
8/11/2018,4896,186
8/12/2018,4365,186
8/13/2018,4019,186
8/14/2018,4032,186
8/15/2018,4420,186
8/16/2018,4287,186
8/17/2018,4808,186
8/18/2018,4578,186
8/19/2018,4400,186
8/20/2018,3908,186
8/21/2018,4063,186
8/22/2018,4364,186
8/23/2018,4683,186
8/24/2018,4689,186
8/25/2018,4775,181
8/26/2018,4462,186
8/27/2018,4167,186
8/28/2018,4391,186
8/29/2018,4153,186
8/30/2018,4032,186
8/31/2018,4293,186
9/1/2018,4584,191
9/2/2018,4405,191
9/3/2018,4166,192
9/4/2018,4705,192
9/5/2018,4677,192
9/6/2018,4925,192
9/7/2018,5208,192
9/8/2018,5360,192
9/9/2018,4737,192
9/10/2018,4250,192
9/11/2018,4526,192
9/12/2018,4453,192
9/13/2018,4699,192
9/14/2018,4516,192
9/15/2018,3035,192
9/16/2018,0,0
9/17/2018,3893,192
9/18/2018,3607,192
9/19/2018,4318,192
9/20/2018,4383,192
9/21/2018,4510,192
9/22/2018,5038,192
9/23/2018,4482,192
9/24/2018,3657,192
9/25/2018,3768,192
9/26/2018,4068,192
9/27/2018,4495,192
9/28/2018,4660,192
9/29/2018,4084,192
9/30/2018,4397,192
10/1/2018,4987,196
10/2/2018,5465,196
10/3/2018,5399,196
10/4/2018,5144,196
10/5/2018,5467,196
10/6/2018,4587,196
10/7/2018,3928,196
10/8/2018,3920,192
10/9/2018,4023,192
10/10/2018,4749,192
10/11/2018,4869,192
10/12/2018,4584,192
10/13/2018,5052,192
10/14/2018,4494,192
10/15/2018,4395,192
10/16/2018,4682,192
10/17/2018,4804,192
10/18/2018,4718,192
10/19/2018,4901,192
10/20/2018,5112,192
10/21/2018,4544,192
10/22/2018,4448,192
10/23/2018,4423,192
10/24/2018,4533,192
10/25/2018,4460,192
10/26/2018,4944,192
10/27/2018,5226,192
10/28/2018,4632,189
10/29/2018,4219,189
10/30/2018,4126,196
10/31/2018,4369,190
11/1/2018,4527,190
11/2/2018,4807,190
11/3/2018,5196,190
11/4/2018,4765,190
11/5/2018,4317,190
11/6/2018,4183,190
11/7/2018,4615,190
11/8/2018,4881,190
11/9/2018,5195,190
11/10/2018,5386,190
11/11/2018,4805,190
11/12/2018,3993,190
11/13/2018,4435,190
11/14/2018,4610,190
11/15/2018,4316,190
11/16/2018,4886,190
11/17/2018,5292,190
11/18/2018,4242,190
11/19/2018,4344,190
11/20/2018,4560,190
11/21/2018,4616,190
11/22/2018,4326,190
11/23/2018,4413,190
11/24/2018,5417,190
11/25/2018,4906,190
11/26/2018,4495,190
11/27/2018,4643,190
11/28/2018,4551,190
11/29/2018,4543,190
11/30/2018,4523,190
12/1/2018,5036,190
12/2/2018,4492,190
12/3/2018,4401,190
12/4/2018,4666,190
12/5/2018,4676,190
12/6/2018,4633,190
12/7/2018,4836,190
12/8/2018,5343,190
12/9/2018,4892,190
12/10/2018,4498,190
12/11/2018,4301,190
12/12/2018,4594,190
12/13/2018,4581,190
12/14/2018,4526,190
12/15/2018,4644,190
12/16/2018,4208,190
12/17/2018,3887,190
12/18/2018,4459,190
12/19/2018,4595,190
12/20/2018,4722,190
12/21/2018,4619,190
12/22/2018,4900,190
12/23/2018,4918,190
12/24/2018,4640,190
12/25/2018,4522,190
12/26/2018,4620,190
12/27/2018,4889,190
12/28/2018,4715,190
12/29/2018,4973,190
12/30/2018,5071,190
12/31/2018,5297,190
1/1/2019,4796,230
1/2/2019,4470,230
1/3/2019,4671,230
1/4/2019,5001,230
1/5/2019,5189,230
1/6/2019,4589,230
1/7/2019,4333,230
1/8/2019,4399,230
1/9/2019,4531,230
1/10/2019,4598,230
1/11/2019,5100,230
1/12/2019,5583,230
1/13/2019,4984,230
1/14/2019,4410,230
1/15/2019,4724,230
1/16/2019,4933,230
1/17/2019,5089,230
1/18/2019,4763,230
1/19/2019,5300,230
1/20/2019,4596,230
1/21/2019,4503,230
1/22/2019,4269,230
1/23/2019,4421,230
1/24/2019,4820,230
1/25/2019,4915,230
1/26/2019,5510,225
1/27/2019,4988,225
1/28/2019,4444,227
1/29/2019,4558,227
1/30/2019,4647,227
1/31/2019,4539,227
2/1/2019,4337,227
2/2/2019,3683,227
2/3/2019,2880,227
2/4/2019,2457,227
2/5/2019,3632,227
2/6/2019,4483,227
2/7/2019,4998,227
2/8/2019,5993,227
2/9/2019,6110,227
2/10/2019,5493,227
2/11/2019,5701,227
2/12/2019,5668,227
2/13/2019,5537,227
2/14/2019,5222,227
2/15/2019,5358,227
2/16/2019,5867,227
2/17/2019,5726,227
2/18/2019,5033,227
2/19/2019,4811,227
2/20/2019,4795,227
2/21/2019,5021,227
2/22/2019,5730,227
2/23/2019,5844,227
2/24/2019,5285,227
2/25/2019,4747,227
2/26/2019,5199,227
2/27/2019,5540,227
2/28/2019,5338,227
3/1/2019,5542,227
3/2/2019,6047,227
3/3/2019,5692,227
3/4/2019,5337,227
3/5/2019,5097,227
3/6/2019,5380,227
3/7/2019,5972,227
3/8/2019,6062,227
3/9/2019,6412,227
3/10/2019,5676,227
3/11/2019,4660,227
3/12/2019,5404,227
3/13/2019,5279,227
3/14/2019,5072,227
3/15/2019,5727,227
3/16/2019,6160,227
3/17/2019,5358,227
3/18/2019,5041,227
3/19/2019,5238,227
3/20/2019,5233,227
3/21/2019,4894,227
3/22/2019,5601,227
3/23/2019,5960,227
3/24/2019,5526,227
3/25/2019,4669,227
3/26/2019,4933,227
3/27/2019,5211,229
3/28/2019,5492,229
3/29/2019,5223,229
3/30/2019,6480,229
3/31/2019,5445,229
4/1/2019,4692,229
4/2/2019,4895,229
4/3/2019,4771,229
4/4/2019,4949,229
4/5/2019,5809,229
4/6/2019,6036,229
4/7/2019,5404,229
4/8/2019,4647,229
4/9/2019,4956,229
4/10/2019,5332,229
4/11/2019,5285,229
4/12/2019,5382,229
4/13/2019,6572,229
4/14/2019,5449,229
4/15/2019,5042,229
4/16/2019,5320,229
4/17/2019,5213,229
4/18/2019,2587,229
4/19/2019,5612,229
4/20/2019,5662,229
4/21/2019,5182,229
4/22/2019,4622,229
4/23/2019,5163,229
4/24/2019,5150,229
4/25/2019,5118,229
4/26/2019,5465,229
4/27/2019,5753,231
4/28/2019,5547,231
4/29/2019,5375,231
4/30/2019,5300,231
5/1/2019,6890,231
5/2/2019,7218,231
5/3/2019,6783,231
5/4/2019,5607,231
5/5/2019,4868,231
5/6/2019,5135,229
5/7/2019,5562,229
5/8/2019,5770,229
5/9/2019,5821,230
5/10/2019,5872,230
5/11/2019,6201,230
5/12/2019,5431,230
5/13/2019,5040,230
5/14/2019,5010,230
5/15/2019,5368,230
5/16/2019,5343,230
5/17/2019,6043,230
5/18/2019,7269,285
5/19/2019,6233,285
5/20/2019,5523,285
5/21/2019,5406,285
5/22/2019,5626,285
5/23/2019,5797,298
5/24/2019,6195,298
5/25/2019,7112,298
5/26/2019,6359,298
5/27/2019,6007,298
5/28/2019,6055,298
5/29/2019,6386,298
5/30/2019,6202,298
5/31/2019,6096,298
6/1/2019,6684,298
6/2/2019,6521,298
6/3/2019,5294,295
6/4/2019,5458,294
6/5/2019,5244,298
6/6/2019,5454,298
6/7/2019,6530,298
6/8/2019,6879,298
6/9/2019,6178,298
6/10/2019,5501,293
6/11/2019,5990,297
6/12/2019,6033,298
6/13/2019,6378,298
6/14/2019,6418,298
6/15/2019,6702,298
6/16/2019,6368,298
6/17/2019,5737,298
6/18/2019,6390,298
6/19/2019,6015,298
6/20/2019,6220,298
6/21/2019,6774,298
6/22/2019,7179,298
6/23/2019,6443,298
6/24/2019,5856,298
6/25/2019,5918,298
6/26/2019,6066,298
6/27/2019,6034,298
6/28/2019,6235,298
6/29/2019,6856,298
6/30/2019,6317,298
7/1/2019,5707,298
7/2/2019,5468,298
7/3/2019,5559,298
7/4/2019,5976,298
7/5/2019,6078,298
7/6/2019,7279,298
7/7/2019,6687,298
7/8/2019,6207,298
7/9/2019,6058,298
7/10/2019,6374,298
7/11/2019,6289,298
7/12/2019,6342,298
7/13/2019,7514,298
7/14/2019,6724,298
7/15/2019,6551,298
7/16/2019,6638,298
7/17/2019,6172,298
7/18/2019,6080,298
7/19/2019,6810,298
7/20/2019,7010,298
7/21/2019,5984,298
7/22/2019,5745,298
7/23/2019,5917,298
7/24/2019,5761,298
7/25/2019,5955,298
7/26/2019,6541,298
7/27/2019,7004,298
7/28/2019,6652,298
7/29/2019,6151,298
7/30/2019,5961,298
7/31/2019,5347,298
8/1/2019,6242,297
8/2/2019,6212,297
8/3/2019,6984,297
8/4/2019,7057,297
8/5/2019,6227,297
8/6/2019,6501,297
8/7/2019,6334,297
8/8/2019,6252,297
8/9/2019,6843,297
8/10/2019,7176,294
8/11/2019,6591,294
8/12/2019,5802,297
8/13/2019,5845,297
8/14/2019,5828,297
8/15/2019,5535,297
8/16/2019,6282,297
8/17/2019,7182,297
8/18/2019,6813,297
8/19/2019,6273,297
8/20/2019,6362,297
8/21/2019,6360,294
8/22/2019,6652,297
8/23/2019,7052,297
8/24/2019,7093,297
8/25/2019,6719,297
8/26/2019,6258,297
8/27/2019,6532,297
8/28/2019,6129,297
8/29/2019,6036,297
8/30/2019,5927,297
8/31/2019,6328,297
9/1/2019,5854,297
9/2/2019,4975,297
9/3/2019,5694,297
9/4/2019,6044,297
9/5/2019,6097,297
9/6/2019,6878,297
9/7/2019,7740,297
9/8/2019,6712,297
9/9/2019,6040,297
9/10/2019,5962,297
9/11/2019,5326,297
9/12/2019,4804,297
9/13/2019,4603,297
9/14/2019,5966,297
9/15/2019,5667,297
9/16/2019,5367,297
9/17/2019,6339,297
9/18/2019,6925,297
9/19/2019,6462,297
9/20/2019,6565,297
9/21/2019,6986,297
9/22/2019,6459,297
9/23/2019,5777,297
9/24/2019,6439,297
9/25/2019,6874,297
9/26/2019,6482,297
9/27/2019,6580,297
9/28/2019,7204,297
9/29/2019,6735,297
9/30/2019,6700,297
10/1/2019,7398,308
10/2/2019,8769,308
10/3/2019,8569,308
10/4/2019,8785,308
10/5/2019,7434,308
10/6/2019,6622,278
10/7/2019,5599,278
10/8/2019,4962,278
10/9/2019,5288,256
10/10/2019,6003,256
10/11/2019,6234,278
10/12/2019,6653,274
10/13/2019,6270,274
10/14/2019,5705,258
10/15/2019,5905,278
10/16/2019,6169,264
10/17/2019,6481,278
10/18/2019,6775,278
10/19/2019,7665,278
10/20/2019,7229,277
10/21/2019,6477,250
10/22/2019,6396,278
10/23/2019,6348,264
10/24/2019,6335,277
10/25/2019,6624,277
10/26/2019,6601,278
10/27/2019,6571,278
10/28/2019,5341,274
10/29/2019,5929,308
10/30/2019,6202,304
10/31/2019,5956,304
11/1/2019,6393,278
11/2/2019,6725,278
11/3/2019,6055,278
11/4/2019,5717,254
11/5/2019,5909,254
11/6/2019,6238,276
11/7/2019,6087,275
11/8/2019,6219,275
11/9/2019,6723,298
11/10/2019,6068,298
11/11/2019,5690,298
11/12/2019,5869,298
11/13/2019,6332,298
11/14/2019,6340,298
11/15/2019,6525,298
11/16/2019,6712,293
11/17/2019,6198,298
11/18/2019,5702,298
11/19/2019,4571,274
11/20/2019,5801,274
11/21/2019,6154,298
11/22/2019,6696,298
11/23/2019,6993,298
11/24/2019,6336,298
11/25/2019,6009,298
11/26/2019,6260,298
11/27/2019,6660,298
11/28/2019,6068,298
11/29/2019,6723,298
11/30/2019,7213,279
12/1/2019,6300,298
12/2/2019,5783,276
12/3/2019,5897,276
12/4/2019,5543,276
12/5/2019,5833,276
12/6/2019,6172,298
12/7/2019,6504,298
12/8/2019,6056,298
12/9/2019,5757,270
12/10/2019,5715,270
12/11/2019,5706,270
12/12/2019,5841,270
12/13/2019,6192,298
12/14/2019,6873,298
12/15/2019,5796,293
12/16/2019,5322,293
12/17/2019,5451,298
12/18/2019,5248,298
12/19/2019,4862,298
12/20/2019,5481,298
12/21/2019,6595,298
12/22/2019,5851,298
12/23/2019,6304,298
12/24/2019,6565,298
12/25/2019,7021,298
12/26/2019,7157,298
12/27/2019,7511,298
12/28/2019,8152,298
12/29/2019,6848,293
12/30/2019,6125,293
12/31/2019,6552,298
1/1/2020,6810,298
1/2/2020,6162,298
1/3/2020,7125,298
1/4/2020,7637,298
1/5/2020,7178,298
1/6/2020,6930,295
1/7/2020,7129,298
1/8/2020,6942,298
1/9/2020,6898,298
1/10/2020,7355,298
1/11/2020,7531,298
1/12/2020,7090,298
1/13/2020,6402,298
1/14/2020,6569,298
1/15/2020,6302,298
1/16/2020,6448,298
1/17/2020,6003,298
1/18/2020,6031,299
1/19/2020,5739,299
1/20/2020,5153,299
1/21/2020,4704,299
1/22/2020,4101,299
1/23/2020,3208,299
1/24/2020,2904,299
1/25/2020,3479,299
1/26/2020,3555,321
1/27/2020,3513,321
1/28/2020,3077,321
1/29/2020,2732,321
1/30/2020,2549,321
1/31/2020,2183,321
2/1/2020,1881,321
2/2/2020,1593,321
2/3/2020,1470,321
2/4/2020,1123,299
2/5/2020,0,0
2/6/2020,0,0
2/7/2020,0,0
2/8/2020,0,0
2/9/2020,0,0
2/10/2020,0,0
2/11/2020,0,0
2/12/2020,0,0
2/13/2020,0,0
2/14/2020,0,0
2/15/2020,0,0
2/16/2020,0,0
2/17/2020,0,0
2/18/2020,0,0
2/19/2020,18,0
2/20/2020,365,299
2/21/2020,657,299
2/22/2020,897,299
2/23/2020,1004,299
2/24/2020,926,299
2/25/2020,955,299
2/26/2020,1129,299
2/27/2020,1320,299
2/28/2020,1460,299
2/29/2020,1474,299
3/1/2020,1321,299
3/2/2020,1322,299
3/3/2020,1450,299
3/4/2020,1445,299
3/5/2020,1618,299
3/6/2020,1673,299
3/7/2020,1846,299
3/8/2020,1847,299
3/9/2020,1707,299
3/10/2020,1708,299
3/11/2020,1770,299
3/12/2020,1799,299
3/13/2020,1874,299
3/14/2020,2058,299
3/15/2020,1976,299
3/16/2020,1628,299
3/17/2020,1552,299
3/18/2020,1432,299
3/19/2020,1252,299
3/20/2020,1219,299
3/21/2020,1215,299
3/22/2020,933,299
3/23/2020,914,299
3/24/2020,770,299
3/25/2020,725,299
3/26/2020,690,299
3/27/2020,381,299
3/28/2020,358,299
3/29/2020,326,299
3/30/2020,332,299
3/31/2020,302,299
4/1/2020,253,299
4/2/2020,218,299
4/3/2020,211,299
4/4/2020,204,299
4/5/2020,215,299
4/6/2020,172,299
4/7/2020,167,299
4/8/2020,186,299
4/9/2020,236,299
4/10/2020,144,299
4/11/2020,124,299
4/12/2020,123,299
4/13/2020,158,299
4/14/2020,142,299
4/15/2020,122,299
4/16/2020,146,299
4/17/2020,150,299
4/18/2020,193,299
4/19/2020,160,299
4/20/2020,149,299
4/21/2020,138,299
4/22/2020,153,299
4/23/2020,128,299
4/24/2020,139,299
4/25/2020,142,299
4/26/2020,166,299
4/27/2020,92,299
4/28/2020,152,299
4/29/2020,149,299
4/30/2020,187,299
5/1/2020,134,299
5/2/2020,163,299
5/3/2020,144,299
5/4/2020,160,299
5/5/2020,131,299
5/6/2020,100,299
5/7/2020,140,299
5/8/2020,145,299
5/9/2020,121,299
5/10/2020,131,299
5/11/2020,115,299
5/12/2020,148,299
5/13/2020,79,299
5/14/2020,136,299
5/15/2020,111,299
5/16/2020,137,299
5/17/2020,153,299
5/18/2020,120,299
5/19/2020,183,299
5/20/2020,124,299
5/21/2020,124,299
5/22/2020,119,299
5/23/2020,152,299
5/24/2020,148,299
5/25/2020,93,299
5/26/2020,123,299
5/27/2020,104,299
5/28/2020,148,299
5/29/2020,105,299
5/30/2020,98,299
5/31/2020,88,299
6/1/2020,93,299
6/2/2020,86,299
6/3/2020,97,299
6/4/2020,54,299
6/5/2020,79,299
6/6/2020,113,299
6/7/2020,106,299
6/8/2020,76,299
6/9/2020,90,299
6/10/2020,79,299
6/11/2020,75,299
6/12/2020,71,299
6/13/2020,89,299
6/14/2020,102,299
6/15/2020,83,299
6/16/2020,89,299
6/17/2020,76,299
6/18/2020,96,299
6/19/2020,80,299
6/20/2020,47,299
6/21/2020,44,299
6/22/2020,115,299
6/23/2020,90,299
6/24/2020,82,299
6/25/2020,67,299
6/26/2020,81,299
6/27/2020,59,299
6/28/2020,53,299
6/29/2020,52,299
6/30/2020,68,299
7/1/2020,44,299
7/2/2020,79,299
7/3/2020,72,299
7/4/2020,87,299
7/5/2020,95,299
7/6/2020,80,299
7/7/2020,84,299
7/8/2020,73,299
7/9/2020,100,299
7/10/2020,79,299
7/11/2020,132,299
7/12/2020,122,299
7/13/2020,157,299
7/14/2020,147,299
7/15/2020,41,299
7/16/2020,62,299
7/17/2020,61,299
7/18/2020,75,299
7/19/2020,181,299
7/20/2020,184,299
7/21/2020,194,299
7/22/2020,204,299
7/23/2020,282,299
7/24/2020,276,299
7/25/2020,223,299
7/26/2020,194,299
7/27/2020,165,299
7/28/2020,157,299
7/29/2020,143,299
7/30/2020,121,299
7/31/2020,173,299
8/1/2020,108,299
8/2/2020,146,299
8/3/2020,118,299
8/4/2020,83,299
8/5/2020,134,299
8/6/2020,129,299
8/7/2020,105,299
8/8/2020,117,299
8/9/2020,127,299
8/10/2020,66,299
8/11/2020,133,299
8/12/2020,130,299
8/13/2020,150,299
8/14/2020,96,299
8/15/2020,204,299
8/16/2020,254,299
8/17/2020,242,299
8/18/2020,222,299
8/19/2020,213,299
8/20/2020,283,299
8/21/2020,284,299
8/22/2020,284,299
8/23/2020,267,299
8/24/2020,266,299
8/25/2020,298,299
8/26/2020,287,299
8/27/2020,257,299
8/28/2020,287,299
8/29/2020,280,299
8/30/2020,334,299
8/31/2020,303,299
9/1/2020,272,299
9/2/2020,350,299
9/3/2020,261,299
9/4/2020,430,299
9/5/2020,440,299
9/6/2020,520,299
9/7/2020,540,299
9/8/2020,507,299
9/9/2020,513,299
9/10/2020,503,299
9/11/2020,532,299
9/12/2020,592,299
9/13/2020,473,299
9/14/2020,516,299
9/15/2020,652,299
9/16/2020,565,299
9/17/2020,619,299
9/18/2020,633,299
9/19/2020,578,299
9/20/2020,451,299
9/21/2020,419,299
9/22/2020,564,299
9/23/2020,663,299
9/24/2020,652,299
9/25/2020,619,299
9/26/2020,701,299
9/27/2020,750,299
9/28/2020,820,299
9/29/2020,988,299
9/30/2020,1178,299
10/1/2020,1765,299
10/2/2020,2300,299
10/3/2020,2977,299
10/4/2020,3061,299
10/5/2020,3155,299
10/6/2020,2517,299
10/7/2020,1996,299
10/8/2020,1538,299
10/9/2020,1158,299
10/10/2020,1220,299
10/11/2020,1354,299
10/12/2020,1505,299
10/13/2020,1409,299
10/14/2020,1604,299
10/15/2020,1853,299
10/16/2020,1963,299
10/17/2020,2234,299
10/18/2020,2144,299
10/19/2020,2190,299
10/20/2020,2014,299
10/21/2020,2014,299
10/22/2020,2011,299
10/23/2020,2354,299
10/24/2020,2552,299
10/25/2020,2449,299
10/26/2020,2383,299
10/27/2020,2478,299
10/28/2020,2295,299
10/29/2020,2453,299
10/30/2020,2652,299
10/31/2020,2721,299
11/1/2020,2594,299
11/2/2020,2061,299
11/3/2020,2061,299
11/4/2020,2143,299
11/5/2020,2436,299
11/6/2020,2422,299
11/7/2020,2757,299
11/8/2020,2533,299
11/9/2020,2161,299
11/10/2020,2274,299
11/11/2020,2214,299
11/12/2020,2373,299
11/13/2020,2596,299
11/14/2020,2972,299
11/15/2020,2693,299
11/16/2020,2369,299
11/17/2020,2327,299
11/18/2020,2288,299
11/19/2020,2453,299
11/20/2020,2837,299
11/21/2020,3364,299
11/22/2020,3230,299
11/23/2020,2614,299
11/24/2020,2350,299
11/25/2020,2379,299
11/26/2020,2416,299
11/27/2020,2477,299
11/28/2020,2804,299
11/29/2020,2437,299
11/30/2020,2275,299
12/1/2020,2169,299
12/2/2020,2220,299
12/3/2020,2417,299
12/4/2020,2509,299
12/5/2020,2957,299
12/6/2020,2683,299
12/7/2020,2522,299
12/8/2020,2395,299
12/9/2020,2554,299
12/10/2020,2773,299
12/11/2020,2892,299
12/12/2020,3083,299
12/13/2020,2743,299
12/14/2020,2326,299
12/15/2020,2516,299
12/16/2020,2491,299
12/17/2020,2825,299
12/18/2020,3237,299
12/19/2020,3543,284
12/20/2020,3000,284
12/21/2020,2427,284
12/22/2020,2472,284
12/23/2020,2693,299
12/24/2020,2946,299
12/25/2020,3103,299
12/26/2020,3139,299
12/27/2020,2869,299
12/28/2020,2712,299
12/29/2020,2909,299
12/30/2020,2755,299
12/31/2020,3091,299
1/1/2021,3725,298
1/2/2021,3708,298
1/3/2021,3176,298
1/4/2021,2262,298
1/5/2021,2230,298
1/6/2021,2180,298
1/7/2021,2268,298
1/8/2021,2425,298
1/9/2021,2535,298
1/10/2021,2313,298
1/11/2021,2292,298
1/12/2021,2291,298
1/13/2021,2073,298
1/14/2021,2356,298
1/15/2021,2524,298
1/16/2021,2826,298
1/17/2021,2538,298
1/18/2021,2192,298
1/19/2021,2188,298
1/20/2021,2328,298
1/21/2021,2289,295
1/22/2021,2305,295
1/23/2021,2727,280
1/24/2021,2441,280
1/25/2021,1944,295
1/26/2021,1882,298
1/27/2021,1840,298
1/28/2021,1868,298
1/29/2021,1803,298
1/30/2021,2201,298
1/31/2021,2102,298
2/1/2021,1626,298
2/2/2021,1698,298
2/3/2021,1721,298
2/4/2021,1829,298
2/5/2021,1873,298
2/6/2021,2050,298
2/7/2021,1781,298
2/8/2021,1646,298
2/9/2021,1350,298
2/10/2021,1050,298
2/11/2021,1080,298
2/12/2021,1466,298
2/13/2021,1883,298
2/14/2021,2507,298
2/15/2021,3000,298
2/16/2021,3155,298
2/17/2021,2883,298
2/18/2021,2746,298
2/19/2021,2616,298
2/20/2021,2372,283
2/21/2021,2179,283
2/22/2021,2045,298
2/23/2021,2162,298
2/24/2021,1999,298
2/25/2021,2028,298
2/26/2021,2215,298
2/27/2021,2099,298
2/28/2021,1954,298
3/1/2021,1934,298
3/2/2021,1898,286
3/3/2021,2213,286
3/4/2021,2527,286
3/5/2021,2810,286
3/6/2021,3423,271
3/7/2021,3135,271
3/8/2021,2807,271
3/9/2021,2732,271
3/10/2021,2776,271
3/11/2021,3018,271
3/12/2021,3285,271
3/13/2021,3356,271
3/14/2021,2726,271
3/15/2021,2319,271
3/16/2021,2508,271
3/17/2021,2437,283
3/18/2021,2808,286
3/19/2021,3090,287
3/20/2021,3402,271
3/21/2021,3123,271
3/22/2021,2612,287
3/23/2021,2642,289
3/24/2021,2591,289
3/25/2021,2924,289
3/26/2021,3150,289
3/27/2021,3359,289
3/28/2021,3050,289
3/29/2021,2763,289
3/30/2021,2677,289
3/31/2021,2546,289
4/1/2021,2484,289
4/2/2021,2672,289
4/3/2021,2748,289
4/4/2021,2836,289
4/5/2021,2347,279
4/6/2021,2068,279
4/7/2021,2127,279
4/8/2021,2208,279
4/9/2021,2612,279
4/10/2021,2964,279
4/11/2021,2838,279
4/12/2021,2559,279
4/13/2021,2518,279
4/14/2021,2496,279
4/15/2021,2465,279
4/16/2021,2904,279
4/17/2021,3304,263
4/18/2021,2969,263
4/19/2021,2816,285
4/20/2021,2827,290
4/21/2021,2876,298
4/22/2021,3079,298
4/23/2021,3434,298
4/24/2021,3343,298
4/25/2021,3125,298
4/26/2021,2751,298
4/27/2021,2998,298
4/28/2021,2892,298
4/29/2021,3123,298
4/30/2021,3605,298
5/1/2021,4019,282
5/2/2021,4441,282
5/3/2021,3978,298
5/4/2021,3529,298
5/5/2021,2771,298
5/6/2021,2143,298
5/7/2021,1834,298
5/8/2021,2015,298
5/9/2021,2196,298
5/10/2021,2201,298
5/11/2021,2117,298
5/12/2021,2288,298
5/13/2021,2605,298
5/14/2021,2677,298
5/15/2021,3066,298
5/16/2021,2782,298
5/17/2021,2634,298
5/18/2021,2654,298
5/19/2021,2893,282
5/20/2021,2703,282
5/21/2021,3015,282
5/22/2021,3478,282
5/23/2021,2916,282
5/24/2021,2525,298
5/25/2021,2535,298
5/26/2021,1824,298
5/27/2021,2370,298
5/28/2021,2489,298
5/29/2021,2863,298
5/30/2021,2618,298
5/31/2021,2231,298
6/1/2021,2093,298
6/2/2021,2200,298
6/3/2021,2300,298
6/4/2021,2379,298
6/5/2021,2352,298
6/6/2021,1973,298
6/7/2021,1785,298
6/8/2021,1697,298
6/9/2021,1769,298
6/10/2021,1747,298
6/11/2021,1847,298
6/12/2021,2091,298
6/13/2021,1967,298
6/14/2021,1750,298
6/15/2021,1638,298
6/16/2021,1516,298
6/17/2021,1550,298
6/18/2021,1557,298
6/19/2021,1735,298
6/20/2021,1751,298
6/21/2021,1467,298
6/22/2021,1457,298
6/23/2021,1577,298
6/24/2021,1549,298
6/25/2021,1712,298
6/26/2021,1934,298
6/27/2021,1821,298
6/28/2021,1691,298
6/29/2021,1681,298
6/30/2021,1660,298
7/1/2021,1756,299
7/2/2021,1796,299
7/3/2021,2000,299
7/4/2021,2034,299
7/5/2021,1708,299
7/6/2021,1846,299
7/7/2021,1799,299
7/8/2021,1897,299
7/9/2021,2284,299
7/10/2021,2582,299
7/11/2021,2448,299
7/12/2021,2203,299
7/13/2021,2140,299
7/14/2021,2133,299
7/15/2021,2355,299
7/16/2021,2752,299
7/17/2021,3146,299
7/18/2021,2959,299
7/19/2021,2793,299
7/20/2021,2477,299
7/21/2021,2548,299
7/22/2021,2700,299
7/23/2021,2902,299
7/24/2021,3206,299
7/25/2021,2884,299
7/26/2021,2564,299
7/27/2021,2185,299
7/28/2021,2083,299
7/29/2021,2131,299
7/30/2021,2314,299
7/31/2021,2473,299
8/1/2021,2428,299
8/2/2021,1915,299
8/3/2021,1517,299
8/4/2021,1315,299
8/5/2021,1016,299
8/6/2021,912,285
8/7/2021,952,285
8/8/2021,680,285
8/9/2021,610,285
8/10/2021,527,285
8/11/2021,475,285
8/12/2021,534,285
8/13/2021,607,285
8/14/2021,677,285
8/15/2021,695,285
8/16/2021,712,285
8/17/2021,898,285
8/18/2021,809,285
8/19/2021,1094,285
8/20/2021,1257,285
8/21/2021,1382,285
8/22/2021,1326,285
8/23/2021,1199,285
8/24/2021,1050,285
8/25/2021,1143,285
8/26/2021,1266,285
8/27/2021,1614,285
8/28/2021,1708,285
8/29/2021,1610,285
8/30/2021,1300,285
8/31/2021,1304,285
9/1/2021,1269,285
9/2/2021,1326,285
9/3/2021,1883,285
9/4/2021,2279,285
9/5/2021,2196,285
9/6/2021,2170,285
9/7/2021,2453,285
9/8/2021,2261,285
9/9/2021,2312,285
9/10/2021,2725,285
9/11/2021,2868,285
9/12/2021,2722,285
9/13/2021,2418,285
9/14/2021,2009,285
9/15/2021,1978,285
9/16/2021,1991,285
9/17/2021,2387,285
9/18/2021,2677,285
9/19/2021,2468,285
9/20/2021,2027,299
9/21/2021,1492,299
9/22/2021,1532,299
9/23/2021,1929,299
9/24/2021,2185,299
9/25/2021,1426,299
9/26/2021,866,299
9/27/2021,755,299
9/28/2021,657,299
9/29/2021,749,299
9/30/2021,838,299
10/1/2021,899,285
10/2/2021,1001,285
10/3/2021,1135,285
10/4/2021,1185,285
10/5/2021,893,285
10/6/2021,993,285
10/7/2021,812,285
10/8/2021,723,285
10/9/2021,749,285
10/10/2021,774,285
10/11/2021,681,285
10/12/2021,703,285
10/13/2021,780,285
10/14/2021,803,285
10/15/2021,854,285
10/16/2021,852,285
10/17/2021,847,283
10/18/2021,876,283
10/19/2021,1067,283
10/20/2021,1143,299
10/21/2021,1415,299
10/22/2021,1615,299
10/23/2021,1942,285
10/24/2021,2070,285
10/25/2021,2020,285
10/26/2021,2128,285
10/27/2021,2101,285
10/28/2021,2121,285
10/29/2021,2337,285
10/30/2021,2554,285
10/31/2021,2303,285
11/1/2021,1971,299
11/2/2021,1933,299
11/3/2021,1673,299
11/4/2021,1914,299
11/5/2021,1983,299
11/6/2021,2114,299
11/7/2021,2094,299
11/8/2021,1743,299
11/9/2021,1707,299
11/10/2021,1611,299
11/11/2021,1764,299
11/12/2021,1965,299
11/13/2021,2112,299
11/14/2021,2016,299
11/15/2021,1836,299
11/16/2021,1712,299
11/17/2021,1856,299
11/18/2021,1927,299
11/19/2021,2440,299
11/20/2021,2755,299
11/21/2021,2615,299
11/22/2021,2148,299
11/23/2021,2132,283
11/24/2021,2097,283
11/25/2021,2002,283
11/26/2021,2437,299
11/27/2021,2638,299
11/28/2021,2336,299
11/29/2021,2024,299
11/30/2021,1905,299
12/1/2021,2028,299
12/2/2021,2006,299
12/3/2021,2439,299
12/4/2021,2471,283
12/5/2021,2440,283
12/6/2021,2462,299
12/7/2021,2196,299
12/8/2021,2302,299
12/9/2021,2391,299
12/10/2021,2548,299
12/11/2021,2748,299
12/12/2021,2479,299
12/13/2021,2013,299
12/14/2021,2156,299
12/15/2021,2147,299
12/16/2021,2340,299
12/17/2021,2438,299
12/18/2021,2548,299
12/19/2021,2534,299
12/20/2021,2061,299
12/21/2021,2029,299
12/22/2021,2241,299
12/23/2021,2239,299
12/24/2021,2916,299
12/25/2021,3261,299
12/26/2021,2904,299
12/27/2021,2702,299
12/28/2021,2538,299
12/29/2021,2563,299
12/30/2021,2446,299
12/31/2021,2826,299
1/1/2022,3049,299
1/2/2022,3162,299
1/3/2022,2736,299
1/4/2022,2198,299
1/5/2022,1961,299
1/6/2022,2071,299
1/7/2022,2397,299
1/8/2022,2712,299
1/9/2022,2435,299
1/10/2022,2176,299
1/11/2022,2250,299
1/12/2022,2136,299
1/13/2022,2123,299
1/14/2022,2014,299
1/15/2022,2073,299
1/16/2022,1746,299
1/17/2022,1487,299
1/18/2022,1217,299
1/19/2022,1238,299
1/20/2022,1186,299
1/21/2022,1272,299
1/22/2022,1203,299
1/23/2022,1282,299
1/24/2022,1111,299
1/25/2022,1064,299
1/26/2022,1107,299
1/27/2022,1117,299
1/28/2022,1072,299
1/29/2022,1035,299
1/30/2022,976,299
1/31/2022,821,299
2/1/2022,1515,299
2/2/2022,2042,299
2/3/2022,2843,299
2/4/2022,3194,299
2/5/2022,3203,283
2/6/2022,3427,283
2/7/2022,3104,299
2/8/2022,2714,299
2/9/2022,2595,299
2/10/2022,2560,299
2/11/2022,2501,299
2/12/2022,2499,299
2/13/2022,2374,299
2/14/2022,1932,299
2/15/2022,1941,299
2/16/2022,1781,299
2/17/2022,1891,299
2/18/2022,2018,299
2/19/2022,2220,283
2/20/2022,2029,283
2/21/2022,1843,299
2/22/2022,1943,299
2/23/2022,1937,299
2/24/2022,1734,299
2/25/2022,1852,299
2/26/2022,1880,299
2/27/2022,1830,299
2/28/2022,1314,299
3/1/2022,1233,299
3/2/2022,1224,299
3/3/2022,1267,299
3/4/2022,1324,299
3/5/2022,1509,299
3/6/2022,1243,299
3/7/2022,1210,299
3/8/2022,1070,299
3/9/2022,1081,299
3/10/2022,1098,299
3/11/2022,1029,299
3/12/2022,1110,299
3/13/2022,1140,299
3/14/2022,981,299
3/15/2022,875,299
3/16/2022,851,299
3/17/2022,854,299
3/18/2022,978,299
3/19/2022,1000,283
3/20/2022,804,283
3/21/2022,726,299
3/22/2022,646,299
3/23/2022,569,299
3/24/2022,494,299
3/25/2022,606,299
3/26/2022,591,299
3/27/2022,584,299
3/28/2022,534,299
3/29/2022,593,299
3/30/2022,695,299
3/31/2022,565,299
4/1/2022,539,299
4/2/2022,583,299
4/3/2022,808,299
4/4/2022,846,299
4/5/2022,618,299
4/6/2022,520,299
4/7/2022,550,299
4/8/2022,620,299
4/9/2022,748,299
4/10/2022,620,299
4/11/2022,510,299
4/12/2022,639,299
4/13/2022,534,299
4/14/2022,613,299
4/15/2022,684,299
4/16/2022,620,299
4/17/2022,654,299
4/18/2022,553,299
4/19/2022,674,299
4/20/2022,590,299
4/21/2022,566,299
4/22/2022,641,299
4/23/2022,626,299
4/24/2022,533,299
4/25/2022,655,299
4/26/2022,692,299
4/27/2022,603,299
4/28/2022,716,299
4/29/2022,980,299
4/30/2022,1372,299
5/1/2022,1829,299
5/2/2022,1784,299
5/3/2022,1445,299
5/4/2022,1064,299
5/5/2022,808,299
5/6/2022,745,299
5/7/2022,607,299
5/8/2022,633,299
5/9/2022,519,299
5/10/2022,576,299
5/11/2022,555,299
5/12/2022,456,299
5/13/2022,525,299
5/14/2022,660,299
5/15/2022,700,299
5/16/2022,597,299
5/17/2022,684,299
5/18/2022,865,299
5/19/2022,844,299
5/20/2022,927,299
5/21/2022,1152,283
5/22/2022,998,283
5/23/2022,776,299
5/24/2022,754,299
5/25/2022,662,299
5/26/2022,667,299
5/27/2022,634,299
5/28/2022,746,299
5/29/2022,700,299
5/30/2022,518,299
5/31/2022,552,299
6/1/2022,498,299
6/2/2022,628,299
6/3/2022,822,299
6/4/2022,827,299
6/5/2022,740,299
6/6/2022,579,299
6/7/2022,638,299
6/8/2022,705,299
6/9/2022,640,299
6/10/2022,722,299
6/11/2022,876,299
6/12/2022,898,299
6/13/2022,726,299
6/14/2022,779,299
6/15/2022,662,299
6/16/2022,799,299
6/17/2022,779,299
6/18/2022,991,299
6/19/2022,520,299
6/20/2022,263,299
6/21/2022,251,299
6/22/2022,252,299
6/23/2022,225,299
6/24/2022,237,299
6/25/2022,220,299
6/26/2022,233,299
6/27/2022,195,299
6/28/2022,175,299
6/29/2022,129,299
6/30/2022,73,299
7/1/2022,85,299
7/2/2022,105,299
7/3/2022,102,299
7/4/2022,119,299
7/5/2022,170,299
7/6/2022,128,299
7/7/2022,104,299
7/8/2022,94,299
7/9/2022,104,299
7/10/2022,79,299
7/11/2022,0,0
7/12/2022,0,0
7/13/2022,0,0
7/14/2022,0,0
7/15/2022,0,0
7/16/2022,0,0
7/17/2022,0,0
7/18/2022,0,0
7/19/2022,0,0
7/20/2022,0,0
7/21/2022,0,0
7/22/2022,1,0
7/23/2022,94,299
7/24/2022,100,299
7/25/2022,106,299
7/26/2022,69,299
7/27/2022,70,299
7/28/2022,66,299
7/29/2022,55,299
7/30/2022,76,299
7/31/2022,55,299
8/1/2022,56,299
8/2/2022,57,299
8/3/2022,79,299
8/4/2022,140,299
8/5/2022,191,299
8/6/2022,251,299
8/7/2022,263,299
8/8/2022,328,299
8/9/2022,353,299
8/10/2022,358,299
8/11/2022,362,299
8/12/2022,542,299
8/13/2022,518,299
8/14/2022,535,299
8/15/2022,583,299
8/16/2022,600,299
8/17/2022,677,299
8/18/2022,610,299
8/19/2022,826,299
8/20/2022,911,299
8/21/2022,861,299
8/22/2022,869,299
8/23/2022,856,299
8/24/2022,741,299
8/25/2022,657,299
8/26/2022,638,299
8/27/2022,702,299
8/28/2022,758,299
8/29/2022,619,299
8/30/2022,695,299
8/31/2022,602,299
9/1/2022,590,299
9/2/2022,699,299
9/3/2022,706,299
9/4/2022,663,299
9/5/2022,624,299
9/6/2022,672,299
9/7/2022,723,299
9/8/2022,581,299
9/9/2022,565,299
9/10/2022,659,299
9/11/2022,675,299
9/12/2022,560,299
9/13/2022,534,299
9/14/2022,577,299
9/15/2022,570,299
9/16/2022,661,299
9/17/2022,773,299
9/18/2022,694,299
9/19/2022,567,299
9/20/2022,618,299
9/21/2022,803,299
9/22/2022,800,299
9/23/2022,914,299
9/24/2022,837,299
9/25/2022,751,299
9/26/2022,618,299
9/27/2022,759,299
9/28/2022,814,299
9/29/2022,888,299
9/30/2022,1204,299
10/1/2022,2001,283
10/2/2022,2070,283
10/3/2022,2116,299
10/4/2022,1957,299
10/5/2022,1675,299
10/6/2022,1321,299
10/7/2022,1095,299
10/8/2022,722,299
10/9/2022,667,299
10/10/2022,663,299
10/11/2022,663,299
10/12/2022,633,299
10/13/2022,581,299
10/14/2022,688,299
10/15/2022,640,299
10/16/2022,666,299
10/17/2022,535,299
10/18/2022,663,299
10/19/2022,671,299
10/20/2022,642,299
10/21/2022,699,299
10/22/2022,690,299
10/23/2022,629,299
10/24/2022,637,299
10/25/2022,626,299
10/26/2022,644,299
10/27/2022,641,299
10/28/2022,633,299
10/29/2022,660,299
10/30/2022,742,299
10/31/2022,502,299
11/1/2022,383,299
11/2/2022,354,299
11/3/2022,378,299
11/4/2022,418,299
11/5/2022,470,299
11/6/2022,530,299
11/7/2022,549,299
11/8/2022,492,299
11/9/2022,644,299
11/10/2022,686,299
11/11/2022,792,299
11/12/2022,869,299
11/13/2022,932,299
11/14/2022,860,299
11/15/2022,958,299
11/16/2022,1007,299
11/17/2022,1109,299
11/18/2022,1297,299
11/19/2022,1440,299
11/20/2022,1193,299
11/21/2022,877,299
11/22/2022,866,299
11/23/2022,847,299
11/24/2022,884,299
11/25/2022,868,299
11/26/2022,924,299
11/27/2022,915,299
11/28/2022,808,299
11/29/2022,900,299
11/30/2022,678,299
12/1/2022,667,299
12/2/2022,550,299
12/3/2022,702,299
12/4/2022,562,299
12/5/2022,575,299
12/6/2022,655,299
12/7/2022,529,299
12/8/2022,624,299
12/9/2022,836,299
12/10/2022,968,299
12/11/2022,814,299
12/12/2022,815,299
12/13/2022,940,299
12/14/2022,909,299
12/15/2022,1048,299
12/16/2022,1119,299
12/17/2022,1025,299
12/18/2022,972,299
12/19/2022,788,299
12/20/2022,673,299
12/21/2022,619,299
12/22/2022,726,299
12/23/2022,764,299
12/24/2022,823,299
12/25/2022,612,299
12/26/2022,623,299
12/27/2022,851,299
12/28/2022,1070,299
12/29/2022,1285,299
12/30/2022,1755,299
12/31/2022,2333,299
1/1/2023,2551,299
1/2/2023,2025,299
1/3/2023,1856,299
1/4/2023,2084,299
1/5/2023,2069,299
1/6/2023,2442,299
1/7/2023,2831,299
1/8/2023,3243,299
1/9/2023,3186,299
1/10/2023,3432,299
1/11/2023,3262,299
1/12/2023,3176,299
1/13/2023,3654,299
1/14/2023,3945,299
1/15/2023,3216,299
1/16/2023,2840,299
1/17/2023,2470,299
1/18/2023,2481,299
1/19/2023,2423,299
1/20/2023,2267,299
1/21/2023,2202,299
1/22/2023,3235,299
1/23/2023,4518,299
1/24/2023,5681,299
1/25/2023,6235,299
1/26/2023,6080,299
1/27/2023,6128,299
1/28/2023,5559,299
1/29/2023,4799,299
1/30/2023,4419,299
1/31/2023,4104,299
2/1/2023,3683,299
2/2/2023,3741,299
2/3/2023,4125,299
2/4/2023,4360,299
2/5/2023,3712,299
2/6/2023,3178,299
2/7/2023,3429,299
2/8/2023,3821,299
2/9/2023,3845,299
2/10/2023,4200,299
2/11/2023,4909,299
2/12/2023,4338,299
2/13/2023,3673,299
2/14/2023,3383,299
2/15/2023,3347,299
2/16/2023,3844,299
2/17/2023,4528,299
2/18/2023,4885,299
2/19/2023,4295,299
2/20/2023,3541,299
2/21/2023,3751,299
2/22/2023,3887,299
2/23/2023,4015,299
2/24/2023,4216,299
2/25/2023,4467,299
2/26/2023,3933,299
2/27/2023,3103,299
2/28/2023,3446,299
3/1/2023,3565,299
3/2/2023,3574,299
3/3/2023,4408,299
3/4/2023,4826,299
3/5/2023,3996,299
3/6/2023,3459,299
3/7/2023,3654,299
3/8/2023,3791,299
3/9/2023,3722,299
3/10/2023,4058,299
3/11/2023,4261,299
3/12/2023,4021,299
3/13/2023,3352,299
3/14/2023,3483,299
3/15/2023,3269,299
3/16/2023,3436,299
3/17/2023,4112,299
3/18/2023,4810,299
3/19/2023,4419,299
3/20/2023,3748,299
3/21/2023,3933,299
3/22/2023,4096,299
3/23/2023,4001,299
3/24/2023,4108,299
3/25/2023,4158,299
3/26/2023,3708,299
3/27/2023,3510,299
3/28/2023,3398,299
3/29/2023,3743,299
3/30/2023,3771,299
3/31/2023,3925,299
4/1/2023,3897,299
4/2/2023,3676,299
4/3/2023,3224,299
4/4/2023,3017,299
4/5/2023,3096,299
4/6/2023,3320,299
4/7/2023,4356,299
4/8/2023,4705,299
4/9/2023,4433,299
4/10/2023,3880,299
4/11/2023,4003,299
4/12/2023,4190,299
4/13/2023,4070,299
4/14/2023,4922,299
4/15/2023,5110,299
4/16/2023,4813,299
4/17/2023,4081,299
4/18/2023,4178,299
4/19/2023,4296,299
4/20/2023,4514,299
4/21/2023,5027,299
4/22/2023,5075,299
4/23/2023,4795,299
4/24/2023,4780,299
4/25/2023,5042,299
4/26/2023,4921,299
4/27/2023,4727,299
4/28/2023,5264,299
4/29/2023,5809,299
4/30/2023,6558,299
5/1/2023,6307,299
5/2/2023,5836,299
5/3/2023,4638,299
5/4/2023,4095,299
5/5/2023,3749,299
5/6/2023,3799,299
5/7/2023,3730,299
5/8/2023,3754,299
5/9/2023,4159,299
5/10/2023,4288,299
5/11/2023,4543,299
5/12/2023,4776,299
5/13/2023,5025,299
5/14/2023,4160,299
5/15/2023,3865,299
5/16/2023,4237,299
5/17/2023,4622,299
5/18/2023,4677,299
5/19/2023,5173,299
5/20/2023,4866,299
5/21/2023,4856,299
5/22/2023,4276,299
5/23/2023,4489,299
5/24/2023,4586,299
5/25/2023,5099,299
5/26/2023,5786,299
5/27/2023,5737,299
5/28/2023,4987,299
5/29/2023,4167,299
5/30/2023,4155,299
5/31/2023,3906,299
6/1/2023,4131,299
6/2/2023,4470,299
6/3/2023,5296,299
6/4/2023,5173,299
6/5/2023,4232,299
6/6/2023,4509,299
6/7/2023,4906,299
6/8/2023,5211,299
6/9/2023,5581,299
6/10/2023,5966,299
6/11/2023,5853,299
6/12/2023,5216,299
6/13/2023,5423,299
6/14/2023,5443,299
6/15/2023,5362,299
6/16/2023,4235,299
6/17/2023,5977,299
6/18/2023,5143,299
6/19/2023,4498,299
6/20/2023,4509,299
6/21/2023,4609,299
6/22/2023,4601,299
6/23/2023,5161,299
6/24/2023,5136,299
6/25/2023,4398,299
6/26/2023,4235,299
6/27/2023,4025,299
6/28/2023,4289,299
6/29/2023,4489,299
6/30/2023,4897,299
7/1/2023,5828,299
7/2/2023,5546,299
7/3/2023,4953,299
7/4/2023,4888,299
7/5/2023,4766,299
7/6/2023,5352,299
7/7/2023,5487,299
7/8/2023,5746,299
7/9/2023,5410,299
7/10/2023,4598,299
7/11/2023,4699,299
7/12/2023,4754,299
7/13/2023,5213,299
7/14/2023,5881,299
7/15/2023,6331,299
7/16/2023,5483,299
7/17/2023,5231,299
7/18/2023,4691,299
7/19/2023,5093,299
7/20/2023,5298,299
7/21/2023,5951,299
7/22/2023,6401,299
7/23/2023,5880,299
7/24/2023,5225,299
7/25/2023,5609,299
7/26/2023,5524,299
7/27/2023,5813,299
7/28/2023,5699,299
7/29/2023,6346,299
7/30/2023,5728,299
7/31/2023,5154,299
8/1/2023,4891,299
8/2/2023,5219,299
8/3/2023,5239,299
8/4/2023,5965,299
8/5/2023,6693,299
8/6/2023,6317,299
8/7/2023,5642,299
8/8/2023,5353,299
8/9/2023,5751,299
8/10/2023,5538,299
8/11/2023,5594,299
8/12/2023,5917,299
8/13/2023,5337,299
8/14/2023,4771,299
8/15/2023,4644,299
8/16/2023,5162,299
8/17/2023,4991,299
8/18/2023,6044,299
8/19/2023,6453,299
8/20/2023,6051,299
8/21/2023,5300,299
8/22/2023,5641,299
8/23/2023,5343,299
8/24/2023,4984,299
8/25/2023,5565,299
8/26/2023,6447,299
8/27/2023,6023,299
8/28/2023,4891,299
8/29/2023,4379,299
8/30/2023,4249,299
8/31/2023,4160,299
9/1/2023,2199,299
9/2/2023,4369,299
9/3/2023,4571,299
9/4/2023,4417,299
9/5/2023,4257,299
9/6/2023,5152,299
9/7/2023,5482,299
9/8/2023,5734,299
9/9/2023,6277,299
9/10/2023,5625,299
9/11/2023,5123,299
9/12/2023,5580,299
9/13/2023,5688,299
9/14/2023,5285,299
9/15/2023,5887,299
9/16/2023,6359,299
9/17/2023,5443,299
9/18/2023,5180,299
9/19/2023,5569,299
9/20/2023,5647,299
9/21/2023,5622,299
9/22/2023,5930,299
9/23/2023,6074,299
9/24/2023,5052,299
9/25/2023,4069,299
9/26/2023,4342,299
9/27/2023,4163,299
9/28/2023,3816,299
9/29/2023,4240,299
9/30/2023,6104,299
10/1/2023,6910,299
10/2/2023,7086,299
10/3/2023,6962,299
10/4/2023,6643,299
10/5/2023,5765,299
10/6/2023,4773,299
10/7/2023,4290,299
10/8/2023,3997,299
10/9/2023,3869,299
10/10/2023,4811,299
10/11/2023,4578,299
10/12/2023,5488,299
10/13/2023,5876,299
10/14/2023,6428,299
10/15/2023,5702,299
10/16/2023,5768,299
10/17/2023,5530,299
10/18/2023,5756,299
10/19/2023,5520,299
10/20/2023,6377,299
10/21/2023,6524,299
10/22/2023,6218,299
10/23/2023,5198,299
10/24/2023,5138,299
10/25/2023,5443,299
10/26/2023,5140,299
10/27/2023,5872,299
10/28/2023,5940,299
10/29/2023,5683,299
10/30/2023,4969,299
10/31/2023,5095,299
11/1/2023,5258,299
11/2/2023,5593,299
11/3/2023,5552,299
11/4/2023,5899,299
11/5/2023,5503,299
11/6/2023,4873,299
11/7/2023,4939,299
11/8/2023,5329,299
11/9/2023,5299,299
11/10/2023,5870,299
11/11/2023,6251,299
11/12/2023,5627,299
11/13/2023,5261,299
11/14/2023,5523,299
11/15/2023,5687,299
11/16/2023,6146,299
11/17/2023,6259,299
11/18/2023,6623,299
11/19/2023,5949,299
11/20/2023,5250,299
11/21/2023,5474,299
11/22/2023,5559,299
11/23/2023,5716,299
11/24/2023,6039,299
11/25/2023,6234,299
11/26/2023,5744,299
11/27/2023,5439,299
11/28/2023,5250,299
11/29/2023,5626,299
11/30/2023,5390,299
12/1/2023,5983,299
12/2/2023,6240,299
12/3/2023,5454,299
12/4/2023,5088,299
12/5/2023,5206,299
12/6/2023,5468,299
12/7/2023,5713,299
12/8/2023,5842,299
12/9/2023,6311,299
12/10/2023,5568,299
12/11/2023,5047,299
12/12/2023,5425,299
12/13/2023,5657,299
12/14/2023,5859,299
12/15/2023,6132,299
12/16/2023,6817,299
12/17/2023,6031,299
12/18/2023,5545,299
12/19/2023,5747,299
12/20/2023,6065,299
12/21/2023,5739,299
12/22/2023,5491,299
12/23/2023,6578,299
12/24/2023,6716,299
12/25/2023,6015,299
12/26/2023,5711,299
12/27/2023,5762,299
12/28/2023,5663,299
12/29/2023,6321,299
12/30/2023,6849,299
12/31/2023,6716,299
1/1/2024,6099,299
1/2/2024,5178,299
1/3/2024,5347,299
1/4/2024,5586,299
1/5/2024,5851,299
1/6/2024,6542,299
1/7/2024,6273,299
1/8/2024,5906,299
1/9/2024,5969,299
1/10/2024,5838,299
1/11/2024,5884,299
1/12/2024,6042,299
1/13/2024,6746,299
1/14/2024,5703,299
1/15/2024,5604,299
1/16/2024,5976,299
1/17/2024,5756,299
1/18/2024,5748,298
1/19/2024,5839,298
1/20/2024,6679,298
1/21/2024,6394,298
1/22/2024,5438,298
1/23/2024,5509,298
1/24/2024,5688,298
1/25/2024,5731,298
1/26/2024,6154,298
1/27/2024,6273,298
1/28/2024,5441,298
1/29/2024,5125,298
1/30/2024,4696,298
1/31/2024,4742,298
2/1/2024,4570,298
2/2/2024,5180,298
2/3/2024,5360,298
2/4/2024,5111,298
2/5/2024,4619,298
2/6/2024,4089,298
2/7/2024,3454,298
2/8/2024,3173,298
2/9/2024,2684,298
2/10/2024,4041,298
2/11/2024,5238,298
2/12/2024,6601,298
2/13/2024,7221,298
2/14/2024,6961,298
2/15/2024,6772,298
2/16/2024,6610,298
2/17/2024,5718,298
2/18/2024,4977,298
2/19/2024,5012,298
2/20/2024,5712,298
2/21/2024,6045,298
2/22/2024,5934,298
2/23/2024,5780,298
2/24/2024,5752,298
2/25/2024,4926,298
2/26/2024,4713,298
2/27/2024,5298,298
2/28/2024,5736,298
2/29/2024,6164,298
3/1/2024,6954,298
3/2/2024,7602,298
3/3/2024,6872,298
3/4/2024,6875,298
3/5/2024,6728,298
3/6/2024,6666,298
3/7/2024,6828,298
3/8/2024,7107,298
3/9/2024,7498,298
3/10/2024,6553,298
3/11/2024,6305,298
3/12/2024,6431,298
3/13/2024,6916,298
3/14/2024,6530,298
3/15/2024,7574,298
3/16/2024,7520,298
3/17/2024,6786,298
3/18/2024,6422,298
3/19/2024,6338,298
3/20/2024,6544,296
3/21/2024,6341,296
3/22/2024,6238,296
3/23/2024,6589,296
3/24/2024,6371,296
3/25/2024,5569,296
3/26/2024,5932,296
3/27/2024,5974,296
3/28/2024,6419,296
3/29/2024,6586,296
3/30/2024,7008,296
3/31/2024,6298,296
4/1/2024,5215,296
4/2/2024,4590,296
4/3/2024,5139,296
4/4/2024,5747,296
4/5/2024,6303,296
4/6/2024,6307,296
4/7/2024,5643,296
4/8/2024,5920,296
4/9/2024,6257,296
4/10/2024,7203,296
4/11/2024,7035,296
4/12/2024,7295,296
4/13/2024,7462,296
4/14/2024,6540,296
4/15/2024,5890,296
4/16/2024,6114,296
4/17/2024,6646,296
4/18/2024,6761,296
4/19/2024,6812,296
4/20/2024,7670,296
4/21/2024,6750,296
4/22/2024,6666,296
4/23/2024,6546,296
4/24/2024,6715,296
4/25/2024,6940,296
4/26/2024,7372,296
4/27/2024,7180,296
4/28/2024,6668,296
4/29/2024,6252,296
4/30/2024,6559,296
5/1/2024,7710,287
5/2/2024,8428,287
5/3/2024,7833,287
5/4/2024,7627,287
5/5/2024,6202,287
5/6/2024,5110,287
5/7/2024,5491,287
5/8/2024,5993,287
5/9/2024,6735,287
5/10/2024,7422,287
5/11/2024,7363,287
5/12/2024,6534,287
5/13/2024,6394,287
5/14/2024,6275,287
5/15/2024,6549,287
5/16/2024,6874,287
5/17/2024,6814,287
5/18/2024,7326,287
5/19/2024,7318,287
5/20/2024,6134,287
5/21/2024,6666,287
5/22/2024,6612,287
5/23/2024,7125,287
5/24/2024,7038,287
5/25/2024,7465,287
5/26/2024,6712,287
5/27/2024,6174,287
5/28/2024,6649,287
5/29/2024,6518,287
5/30/2024,6211,287
5/31/2024,6224,287
6/1/2024,6313,287
6/2/2024,6072,287
6/3/2024,6321,287
6/4/2024,6010,287
6/5/2024,6081,287
6/6/2024,6178,287
6/7/2024,6149,287
6/8/2024,7301,287
6/9/2024,6978,287
6/10/2024,5648,287
6/11/2024,4717,287
6/12/2024,5186,287
6/13/2024,6078,287
6/14/2024,6479,287
6/15/2024,7002,287
6/16/2024,6784,287
6/17/2024,6010,287
6/18/2024,6202,287
6/19/2024,6030,287
6/20/2024,6344,287
6/21/2024,6837,287
6/22/2024,6612,287
6/23/2024,6357,287
6/24/2024,5413,287
6/25/2024,6178,287
6/26/2024,6393,287
6/27/2024,6439,287
6/28/2024,7072,287
6/29/2024,7355,287
6/30/2024,6513,287
7/1/2024,5942,287
7/2/2024,5751,287
7/3/2024,5965,287
7/4/2024,6417,287
7/5/2024,6123,287
7/6/2024,6692,287
7/7/2024,6185,287
7/8/2024,5846,287
7/9/2024,6262,287
7/10/2024,6136,287
7/11/2024,6682,287
7/12/2024,6619,287
7/13/2024,7852,287
7/14/2024,7042,287
7/15/2024,6140,287
7/16/2024,6563,287
7/17/2024,7092,287
7/18/2024,7407,287
7/19/2024,7807,287
7/20/2024,8336,287
7/21/2024,7312,287
7/22/2024,6638,287
7/23/2024,6699,287
7/24/2024,6588,287
7/25/2024,6982,287
7/26/2024,7004,287
7/27/2024,7352,287
7/28/2024,7350,287
7/29/2024,6238,287
7/30/2024,6232,287
7/31/2024,6277,287
8/1/2024,6591,288
8/2/2024,6804,288
8/3/2024,7317,288
8/4/2024,7009,288
8/5/2024,6764,288
8/6/2024,6481,288
8/7/2024,7157,288
8/8/2024,7050,288
8/9/2024,7210,288
8/10/2024,7696,288
8/11/2024,7441,288
8/12/2024,6607,288
8/13/2024,6613,288
8/14/2024,6563,288
8/15/2024,6969,288
8/16/2024,7139,288
8/17/2024,7480,288
8/18/2024,7033,288
8/19/2024,6410,288
8/20/2024,6130,288
8/21/2024,6801,288
8/22/2024,6638,288
8/23/2024,6984,288
8/24/2024,7279,288
8/25/2024,6447,288
8/26/2024,6039,288
8/27/2024,6549,288
8/28/2024,6658,288
8/29/2024,5988,288
8/30/2024,6067,288
8/31/2024,6414,288
9/1/2024,5716,288
9/2/2024,5318,288
9/3/2024,5642,288
9/4/2024,6592,288
9/5/2024,5879,288
9/6/2024,6206,288
9/7/2024,6873,288
9/8/2024,6384,288
9/9/2024,6238,288
9/10/2024,7093,288
9/11/2024,6822,288
9/12/2024,6720,288
9/13/2024,6322,288
9/14/2024,6612,288
9/15/2024,6007,288
9/16/2024,5843,288
9/17/2024,4131,288
9/18/2024,4384,288
9/19/2024,5064,288
9/20/2024,6215,288
9/21/2024,6882,288
9/22/2024,6922,288
9/23/2024,6439,288
9/24/2024,7099,288
9/25/2024,6985,288
9/26/2024,7085,288
9/27/2024,7024,288
9/28/2024,6599,288
9/29/2024,6440,288
9/30/2024,6347,288
10/1/2024,7437,278
10/2/2024,8012,278
10/3/2024,7787,278
10/4/2024,7679,278
10/5/2024,7612,278
10/6/2024,7318,278
10/7/2024,5565,278
10/8/2024,5113,278
10/9/2024,5458,278
10/10/2024,5671,278
10/11/2024,6528,278
10/12/2024,7325,278
10/13/2024,6537,278
10/14/2024,6507,278
10/15/2024,6750,278
10/16/2024,6822,278
10/17/2024,6926,278
10/18/2024,7265,278
10/19/2024,7391,278
10/20/2024,7127,278
10/21/2024,6594,278
10/22/2024,6428,278
10/23/2024,6551,278
10/24/2024,6855,278
10/25/2024,7090,278
10/26/2024,7869,278
10/27/2024,6784,278
10/28/2024,7047,278
10/29/2024,6471,278
10/30/2024,6411,278
10/31/2024,6551,278
11/1/2024,6789,278
11/2/2024,7302,278
11/3/2024,6672,278
11/4/2024,6839,278
11/5/2024,6925,278
11/6/2024,6400,278
11/7/2024,7277,278
11/8/2024,7252,278
11/9/2024,8059,278
11/10/2024,7381,278
11/11/2024,6556,278
11/12/2024,7440,278
11/13/2024,7501,278
11/14/2024,7350,278
11/15/2024,7390,278
11/16/2024,8002,278
11/17/2024,7082,278
11/18/2024,6478,278
11/19/2024,6778,278
11/20/2024,7449,278
11/21/2024,7221,277
11/22/2024,7363,277
11/23/2024,7919,277
11/24/2024,6855,277
11/25/2024,6672,275
11/26/2024,6852,275
11/27/2024,7047,275
11/28/2024,6815,275
11/29/2024,7407,275
11/30/2024,7979,271
12/1/2024,7442,271
12/2/2024,6216,271
12/3/2024,6972,270
12/4/2024,6888,270
12/5/2024,7047,270
12/6/2024,7051,270
12/7/2024,7416,270
12/8/2024,7250,270
12/9/2024,6242,270
12/10/2024,6627,253
12/11/2024,6949,253
12/12/2024,6749,253
12/13/2024,7305,253
12/14/2024,7718,253
12/15/2024,6969,253
12/16/2024,6340,253
12/17/2024,6517,253
12/18/2024,6789,253
12/19/2024,6387,253
12/20/2024,6716,279
12/21/2024,6960,279
12/22/2024,6395,279
12/23/2024,6302,279
12/24/2024,6996,279
12/25/2024,7222,279
12/26/2024,6837,279
12/27/2024,7647,279
12/28/2024,8028,279
12/29/2024,7179,279
12/30/2024,6325,279
12/31/2024,7011,279
1/1/2025,7464,279
1/2/2025,6686,276
1/3/2025,6999,276
1/4/2025,8150,276
1/5/2025,7555,276
1/6/2025,7501,276
1/7/2025,7766,276
1/8/2025,7363,276
1/9/2025,7244,276
1/10/2025,7362,276
1/11/2025,8310,276
1/12/2025,7507,276
1/13/2025,6842,276
1/14/2025,7028,276
1/15/2025,7065,276
1/16/2025,6883,276
1/17/2025,7450,276
1/18/2025,7652,276
1/19/2025,6955,276
1/20/2025,6102,276
1/21/2025,6130,276
1/22/2025,5976,276
1/23/2025,6206,280
1/24/2025,5946,280
1/25/2025,5480,280
1/26/2025,4576,280
1/27/2025,3619,280
1/28/2025,3331,280
1/29/2025,5335,280
1/30/2025,6264,280
1/31/2025,7252,280
2/1/2025,7756,280
2/2/2025,7727,280
2/3/2025,7545,280
2/4/2025,7642,280
2/5/2025,7150,280
2/6/2025,6869,280
2/7/2025,7305,280
2/8/2025,7294,280
2/9/2025,6525,280
2/10/2025,6163,280
2/11/2025,6140,280
2/12/2025,5747,280
2/13/2025,5995,280
2/14/2025,6622,280
2/15/2025,7363,280
2/16/2025,7109,280
2/17/2025,6926,280
2/18/2025,6924,280
2/19/2025,7607,280
2/20/2025,7133,280
2/21/2025,7662,280
2/22/2025,8234,280
2/23/2025,7736,280
2/24/2025,6807,280
2/25/2025,6847,280
2/26/2025,7477,286
2/27/2025,7481,286
2/28/2025,7283,286
3/1/2025,7870,286
3/2/2025,7022,286
3/3/2025,7295,286
3/4/2025,7199,291
3/5/2025,7107,279
3/6/2025,6898,273
3/7/2025,7746,273
3/8/2025,7849,273
3/9/2025,7348,273
3/10/2025,7111,273
3/11/2025,7133,273
3/12/2025,7565,273
3/13/2025,7111,273
3/14/2025,6638,273
3/15/2025,7262,273
3/16/2025,7107,273
3/17/2025,6507,273
3/18/2025,7211,273
3/19/2025,7791,273
3/20/2025,7607,273
3/21/2025,7612,273
3/22/2025,7978,273
3/23/2025,6837,273
3/24/2025,6832,273
3/25/2025,7046,273
3/26/2025,7312,273
3/27/2025,6936,273
3/28/2025,7674,273
3/29/2025,7756,273
3/30/2025,6660,273
3/31/2025,5971,273
4/1/2025,6047,273
4/2/2025,6218,273
4/3/2025,6169,273
4/4/2025,6909,273
4/5/2025,7175,273
4/6/2025,5644,273
4/7/2025,5625,273
4/8/2025,6425,273
4/9/2025,6391,273
4/10/2025,6538,273
4/11/2025,7218,273
4/12/2025,7765,273
4/13/2025,7177,273
4/14/2025,6528,273
4/15/2025,6804,273
4/16/2025,7242,271
4/17/2025,6806,271
4/18/2025,7631,271
4/19/2025,8675,271
4/20/2025,7872,271
4/21/2025,6681,271
4/22/2025,6165,270
4/23/2025,6246,270
4/24/2025,6607,270
4/25/2025,7243,270
4/26/2025,7590,270
4/27/2025,7028,270
4/28/2025,6282,270
4/29/2025,5969,270
4/30/2025,6614,270
5/1/2025,8349,270
5/2/2025,8293,270
5/3/2025,8042,270
5/4/2025,7302,270
5/5/2025,6521,270
5/6/2025,5434,270
5/7/2025,5558,270
5/8/2025,5714,270
5/9/2025,6367,270
5/10/2025,7017,270
5/11/2025,6694,270
5/12/2025,6179,270
5/13/2025,6607,270
5/14/2025,6881,270
5/15/2025,6513,270
5/16/2025,7172,270
5/17/2025,7825,270
5/18/2025,7222,270
5/19/2025,6469,270
5/20/2025,6681,270
5/21/2025,6789,270
5/22/2025,6774,270
5/23/2025,7253,270
5/24/2025,7557,270
5/25/2025,7089,270
5/26/2025,6557,270
5/27/2025,6787,270
5/28/2025,6669,270
5/29/2025,6215,270
5/30/2025,6602,270
5/31/2025,7579,270
6/1/2025,7311,270
6/2/2025,6179,270
6/3/2025,5962,270
6/4/2025,6239,270
6/5/2025,6454,270
6/6/2025,6630,270
6/7/2025,7547,270
6/8/2025,7052,270
6/9/2025,6508,270
6/10/2025,6443,270
6/11/2025,6588,270
6/12/2025,6807,270
6/13/2025,7028,270
6/14/2025,7499,270
6/15/2025,6851,270
6/16/2025,6444,270
6/17/2025,6698,270
6/18/2025,6946,270
6/19/2025,6497,270
6/20/2025,6630,270
6/21/2025,7400,269
6/22/2025,7287,269
6/23/2025,6410,269
6/24/2025,6436,269
6/25/2025,6509,269
6/26/2025,6667,269
6/27/2025,7119,269
6/28/2025,7862,269
6/29/2025,7202,269
6/30/2025,6761,269
7/1/2025,6493,269
7/2/2025,6673,269
7/3/2025,6522,269
7/4/2025,6802,270
7/5/2025,7452,270
7/6/2025,7041,270
7/7/2025,6516,270
7/8/2025,6536,270
7/9/2025,6707,270
7/10/2025,6697,270
7/11/2025,7179,270
7/12/2025,7632,270
7/13/2025,7413,270
7/14/2025,7003,270
7/15/2025,6638,270
7/16/2025,6986,270
7/17/2025,7021,270
7/18/2025,7688,270
7/19/2025,7706,270
7/20/2025,5777,270
7/21/2025,6705,270
7/22/2025,6848,270
7/23/2025,7041,270
7/24/2025,6968,270
7/25/2025,7392,270
7/26/2025,8423,270
7/27/2025,8012,270
7/28/2025,7079,270
7/29/2025,7034,270
7/30/2025,6818,270
7/31/2025,6907,270
8/1/2025,7296,270
8/2/2025,8031,270
8/3/2025,7391,270
8/4/2025,6778,270
8/5/2025,6484,270
8/6/2025,6975,270
8/7/2025,7287,270
8/8/2025,7482,270
8/9/2025,8151,270
8/10/2025,7803,270
8/11/2025,7130,270
8/12/2025,7381,270
8/13/2025,7410,270
8/14/2025,7249,270
8/15/2025,7678,270
8/16/2025,8141,270
8/17/2025,7464,270
8/18/2025,6647,270
8/19/2025,6685,270
8/20/2025,7170,270
8/21/2025,7049,270
8/22/2025,7273,270
8/23/2025,7919,270
8/24/2025,7245,270
8/25/2025,6606,270
8/26/2025,6928,270
8/27/2025,7040,270
8/28/2025,6880,270
8/29/2025,7041,270
8/30/2025,7428,270
8/31/2025,6751,270
9/1/2025,6235,270
9/2/2025,6438,270
9/3/2025,6099,270
9/4/2025,6381,270
9/5/2025,6805,270
9/6/2025,6992,270
9/7/2025,6196,270
9/8/2025,5837,270
9/9/2025,6930,270
9/10/2025,7497,270
9/11/2025,6968,270
9/12/2025,7327,270
9/13/2025,7658,270
9/14/2025,6503,270
9/15/2025,6667,270
9/16/2025,6834,270
9/17/2025,7028,270
9/18/2025,7349,270
9/19/2025,7520,270
9/20/2025,8087,270
9/21/2025,7094,270
9/22/2025,6292,285
9/23/2025,1295,285
9/24/2025,879,284
9/25/2025,6184,284
9/26/2025,6833,284
9/27/2025,7721,284
9/28/2025,6911,284
9/29/2025,6653,284
9/30/2025,7176,284
10/1/2025,8165,284
10/2/2025,8537,284
10/3/2025,8428,284
10/4/2025,7964,284
10/5/2025,7425,284
10/6/2025,6625,284
10/7/2025,6786,284
10/8/2025,6012,284
10/9/2025,6156,284
10/10/2025,6655,284
10/11/2025,7427,284
10/12/2025,7363,284
10/13/2025,7299,284
10/14/2025,7279,284
10/15/2025,7258,284
10/16/2025,7640,284
10/17/2025,7867,284
10/18/2025,8454,284
10/19/2025,7329,284
10/20/2025,6662,284
10/21/2025,7106,284
10/22/2025,7095,284
10/23/2025,6697,284
10/24/2025,7163,284
10/25/2025,7740,284
10/26/2025,7128,284
10/27/2025,6818,284
10/28/2025,7071,284
10/29/2025,6900,284
10/30/2025,7076,284
10/31/2025,7184,284
11/1/2025,7676,284
11/2/2025,6696,284
11/3/2025,6228,284
11/4/2025,6604,284
11/5/2025,6712,284
11/6/2025,6794,284
11/7/2025,7061,284
11/8/2025,7605,284
11/9/2025,7098,284
11/10/2025,6327,284
11/11/2025,6542,286
11/12/2025,6917,286
11/13/2025,6881,288
11/14/2025,6987,288
11/15/2025,7561,288
11/16/2025,7269,288
11/17/2025,6707,288
11/18/2025,7043,288
11/19/2025,7422,288
11/20/2025,6973,288
11/21/2025,7296,288
11/22/2025,8102,288
11/23/2025,7434,288
11/24/2025,6539,288
11/25/2025,6577,288
11/26/2025,6675,288
11/27/2025,7067,288
11/28/2025,6911,288
11/29/2025,7115,288
11/30/2025,6783,288
12/1/2025,6588,288
12/2/2025,6941,288
12/3/2025,6929,294
12/4/2025,6780,294
12/5/2025,7334,294
12/6/2025,7769,294
12/7/2025,7446,294
12/8/2025,6872,294
12/9/2025,6976,294
12/10/2025,7355,294
12/11/2025,7217,294
12/12/2025,7575,294
12/13/2025,7851,294
12/14/2025,7355,294
12/15/2025,6645,294
12/16/2025,6883,294
12/17/2025,7241,294
12/18/2025,7367,294
12/19/2025,7404,294
12/20/2025,7812,294
12/21/2025,7315,294
12/22/2025,7093,294
12/23/2025,7555,294
12/24/2025,7797,294
12/25/2025,7698,294
12/26/2025,7525,294
12/27/2025,7422,294
12/28/2025,6980,294
12/29/2025,6611,294
12/30/2025,6646,294
12/31/2025,7274,294
1/1/2026,8575,294
1/2/2026,8139,294
1/3/2026,7427,294
1/4/2026,7185,294
1/5/2026,6956,294
1/6/2026,7450,294
1/7/2026,7838,294
1/8/2026,7573,294
1/9/2026,7618,294
1/10/2026,8129,294
1/11/2026,7581,294
1/12/2026,7155,294
1/13/2026,7364,294
1/14/2026,7456,294
1/15/2026,7300,294
1/16/2026,7527,294
1/17/2026,7859,294
1/18/2026,7561,294
1/19/2026,6881,294
1/20/2026,7234,294
1/21/2026,7520,294
1/22/2026,7494,294
1/23/2026,7809,294
1/24/2026,7915,294
1/25/2026,7586,294
1/26/2026,7011,294
1/27/2026,7119,294
1/28/2026,7444,294
1/29/2026,7280,294
1/30/2026,7433,294
1/31/2026,8150,294
2/1/2026,7599,294
2/2/2026,6868,294
2/3/2026,6784,292
2/4/2026,7017,289
2/5/2026,7140,289
2/6/2026,7672,289
2/7/2026,7962,289
2/8/2026,7270,289
2/9/2026,6335,289
2/10/2026,6202,289
2/11/2026,5613,289
2/12/2026,5468,289
2/13/2026,5134,289
2/14/2026,4464,289
2/15/2026,3936,289
2/16/2026,3518,289
2/17/2026,5271,289
2/18/2026,6585,289
2/19/2026,7980,289
2/20/2026,7881,289
2/21/2026,7988,289
2/22/2026,7699,289
2/23/2026,7073,289
2/24/2026,6813,289
2/25/2026,6644,289
2/26/2026,7120,289
2/27/2026,7451,289
2/28/2026,7436,289
3/1/2026,7091,289
3/2/2026,6255,289
3/3/2026,5836,289
3/4/2026,5808,289
3/5/2026,6099,289
3/6/2026,6804,289
3/7/2026,7626,289
3/8/2026,7092,289
3/9/2026,6789,289
3/10/2026,6851,289
3/11/2026,6909,289
3/12/2026,6995,289
3/13/2026,7478,289
3/14/2026,8041,289
3/15/2026,7248,289
3/16/2026,6605,289
3/17/2026,7018,289
3/18/2026,7236,289
3/19/2026,7244,289
3/20/2026,7336,289
3/21/2026,7576,287
3/22/2026,6941,287
3/23/2026,6779,287
3/24/2026,6916,287
3/25/2026,6997,287
3/26/2026,6924,287
3/27/2026,6814,287
3/28/2026,7429,287
3/29/2026,7101,287
3/30/2026,6459,287
3/31/2026,6022,287
4/1/2026,6286,287
4/2/2026,6375,287
4/3/2026,6704,287
4/4/2026,6754,287
4/5/2026,7075,287
4/6/2026,6349,287
4/7/2026,6310,287
4/8/2026,6629,287
4/9/2026,6709,287
4/10/2026,7046,287
4/11/2026,7719,287
4/12/2026,7188,287
4/13/2026,6645,287
4/14/2026,7135,287
4/15/2026,7167,287
4/16/2026,7122,287
4/17/2026,7299,287
4/18/2026,7958,287
4/19/2026,7374,287
4/20/2026,6813,287
4/21/2026,7027,287
4/22/2026,7141,287
4/23/2026,7310,287
4/24/2026,7058,287
4/25/2026,7699,287
4/26/2026,6881,287
4/27/2026,6179,287
4/28/2026,6576,289
4/29/2026,6408,289
4/30/2026,7108,289
5/1/2026,8653,289
5/2/2026,8249,289
5/3/2026,7780,289
5/4/2026,7153,289
5/5/2026,6694,289
5/6/2026,6063,289
5/7/2026,6236,289
5/8/2026,6738,289
5/9/2026,7120,289
5/10/2026,6714,289
5/11/2026,6780,289
5/12/2026,6903,289
5/13/2026,6671,289
5/14/2026,6955,289
5/15/2026,6995,289
5/16/2026,7815,289
5/17/2026,7158,289
5/18/2026,6839,289
5/19/2026,6924,289
5/20/2026,6769,289
5/21/2026,6588,289
5/22/2026,6874,289
5/23/2026,7710,289
5/24/2026,7045,289
5/25/2026,6625,289
5/26/2026,6877,289
5/27/2026,7120,289
5/28/2026,6993,289
